SNumber,Company Name,Mobile Price,Offer Given,Specifications,Rating,Review,RAM,ROM,Display,Camera,Battery,Processor,Phone_Warranty,Accessory_Warranty
0,"realme 11x 5G (Purple Dawn, 128 GB)",15999.0,15% off,8 GB RAM | 128 GB ROM | Expandable Upto 2 TB17.07 cm (6.72 inch) Full HD+ Display64MP + 2MP | 8MP Front Camera5000 mAh BatteryDimensity 6100+ Processor1 Year Manufacturer Warranty for Phone and 6 Months Warranty for In the Box Accessories,4.3,"2,515 Ratings & 210 Reviews",8 GB,128 GB,17.07 cm (6.72 inch) Full HD+ Display64MP + 2MP ,64MP + 2MP | 8MP Front Camera,5000 mAh,Dimensity 6100+ Processor1 Year Manufacturer Warranty for Phone and 6 Months Warranty for In the Box Accessories,1 Year Manufacturer Warranty for Phone,6 Months Warranty for In the Box Accessories
1,"realme 11x 5G (Purple Dawn, 128 GB)",14999.0,0,6 GB RAM | 128 GB ROM | Expandable Upto 2 TB17.07 cm (6.72 inch) Full HD+ Display64MP + 2MP | 8MP Front Camera5000 mAh BatteryDimensity 6100+ Processor1 Year Manufacturer Warranty for Phone and 6 Months Warranty for In the Box Accessories,4.4,"13,807 Ratings & 988 Reviews",6 GB,128 GB,17.07 cm (6.72 inch) Full HD+ Display64MP + 2MP ,64MP + 2MP | 8MP Front Camera,5000 mAh,Dimensity 6100+ Processor1 Year Manufacturer Warranty for Phone and 6 Months Warranty for In the Box Accessories,1 Year Manufacturer Warranty for Phone,6 Months Warranty for In the Box Accessories
2,"realme 11x 5G (Midnight Black, 128 GB)",14999.0,11% off,6 GB RAM | 128 GB ROM | Expandable Upto 2 TB17.07 cm (6.72 inch) Full HD+ Display64MP + 2MP | 8MP Front Camera5000 mAh BatteryDimensity 6100+ Processor1 Year Manufacturer Warranty for Phone and 6 Months Warranty for In the Box Accessories,4.4,"13,807 Ratings & 988 Reviews",6 GB,128 GB,17.07 cm (6.72 inch) Full HD+ Display64MP + 2MP ,64MP + 2MP | 8MP Front Camera,5000 mAh,Dimensity 6100+ Processor1 Year Manufacturer Warranty for Phone and 6 Months Warranty for In the Box Accessories,1 Year Manufacturer Warranty for Phone,6 Months Warranty for In the Box Accessories
3,"realme 11x 5G (Midnight Black, 128 GB)",15999.0,15% off,8 GB RAM | 128 GB ROM | Expandable Upto 2 TB17.07 cm (6.72 inch) Full HD+ Display64MP + 2MP | 8MP Front Camera5000 mAh BatteryDimensity 6100+ Processor1 Year Manufacturer Warranty for Phone and 6 Months Warranty for In the Box Accessories,4.3,"2,515 Ratings & 210 Reviews",8 GB,128 GB,17.07 cm (6.72 inch) Full HD+ Display64MP + 2MP ,64MP + 2MP | 8MP Front Camera,5000 mAh,Dimensity 6100+ Processor1 Year Manufacturer Warranty for Phone and 6 Months Warranty for In the Box Accessories,1 Year Manufacturer Warranty for Phone,6 Months Warranty for In the Box Accessories
6,"realme 11 Pro+ 5G (Oasis Green, 256 GB)",29999.0,9% off,12 GB RAM | 256 GB ROM17.02 cm (6.7 inch) Full HD+ Display200MP (OIS) + 8MP + 2MP | 32MP Front Camera5000 mAh BatteryDimensity 7050 Processor1 Year Manufacturer Warranty for Device and 6 Months Manufacturer Warranty for In-Box Accessories,4.3,"9,040 Ratings & 976 Reviews",12 GB,256 GB,17.02 cm (6.7 inch) Full HD+ Display200MP (OIS) + 8MP + 2MP ,200MP (OIS) + 8MP + 2MP | 32MP Front Camera,5000 mAh,Dimensity 7050 Processor1 Year Manufacturer Warranty for Device and 6 Months Manufacturer Warranty for In-Box Accessories,No Warranty,No Warranty
7,"realme 11 Pro 5G (Astral Black, 256 GB)",24999.0,10% off,8 GB RAM | 256 GB ROM17.02 cm (6.7 inch) Full HD+ Display100MP (OIS) + 2MP | 16MP Front Camera5000 mAh BatteryDimensity 7050 Processor1 Year Manufacturer Warranty for Device and 6 Months Manufacturer Warranty for In-Box Accessories,4.3,"33,781 Ratings & 3,041 Reviews",8 GB,256 GB,17.02 cm (6.7 inch) Full HD+ Display100MP (OIS) + 2MP ,100MP (OIS) + 2MP | 16MP Front Camera,5000 mAh,Dimensity 7050 Processor1 Year Manufacturer Warranty for Device and 6 Months Manufacturer Warranty for In-Box Accessories,No Warranty,No Warranty
8,"realme 11 Pro 5G (Astral Black, 256 GB)",27999.0,9% off,12 GB RAM | 256 GB ROM17.02 cm (6.7 inch) Full HD+ Display100MP (OIS) + 2MP | 16MP Front Camera5000 mAh BatteryDimensity 7050 Processor1 Year Manufacturer Warranty for Device and 6 Months Manufacturer Warranty for In-Box Accessories,4.3,939 Ratings & 82 Reviews,12 GB,256 GB,17.02 cm (6.7 inch) Full HD+ Display100MP (OIS) + 2MP ,100MP (OIS) + 2MP | 16MP Front Camera,5000 mAh,Dimensity 7050 Processor1 Year Manufacturer Warranty for Device and 6 Months Manufacturer Warranty for In-Box Accessories,No Warranty,No Warranty
9,"realme 11 Pro 5G (Sunrise Beige, 256 GB)",24999.0,10% off,8 GB RAM | 256 GB ROM17.02 cm (6.7 inch) Full HD+ Display100MP (OIS) + 2MP | 16MP Front Camera5000 mAh BatteryDimensity 7050 Processor1 Year Manufacturer Warranty for Device and 6 Months Manufacturer Warranty for In-Box Accessories,4.3,"33,781 Ratings & 3,041 Reviews",8 GB,256 GB,17.02 cm (6.7 inch) Full HD+ Display100MP (OIS) + 2MP ,100MP (OIS) + 2MP | 16MP Front Camera,5000 mAh,Dimensity 7050 Processor1 Year Manufacturer Warranty for Device and 6 Months Manufacturer Warranty for In-Box Accessories,No Warranty,No Warranty
12,"realme 11 Pro+ 5G (Sunrise Beige, 256 GB)",29999.0,9% off,12 GB RAM | 256 GB ROM17.02 cm (6.7 inch) Full HD+ Display200MP (OIS) + 8MP + 2MP | 32MP Front Camera5000 mAh BatteryDimensity 7050 Processor1 Year Manufacturer Warranty for Device and 6 Months Manufacturer Warranty for In-Box Accessories,4.3,"9,040 Ratings & 976 Reviews",12 GB,256 GB,17.02 cm (6.7 inch) Full HD+ Display200MP (OIS) + 8MP + 2MP ,200MP (OIS) + 8MP + 2MP | 32MP Front Camera,5000 mAh,Dimensity 7050 Processor1 Year Manufacturer Warranty for Device and 6 Months Manufacturer Warranty for In-Box Accessories,No Warranty,No Warranty
13,"realme 11 Pro+ 5G (Oasis Green, 256 GB)",27999.0,6% off,8 GB RAM | 256 GB ROM17.02 cm (6.7 inch) Full HD+ Display200MP (OIS) + 8MP + 2MP | 32MP Front Camera5000 mAh BatteryDimensity 7050 Processor1 Year Manufacturer Warranty for Device and 6 Months Manufacturer Warranty for In-Box Accessories,4.3,"25,055 Ratings & 2,677 Reviews",8 GB,256 GB,17.02 cm (6.7 inch) Full HD+ Display200MP (OIS) + 8MP + 2MP ,200MP (OIS) + 8MP + 2MP | 32MP Front Camera,5000 mAh,Dimensity 7050 Processor1 Year Manufacturer Warranty for Device and 6 Months Manufacturer Warranty for In-Box Accessories,No Warranty,No Warranty
14,"realme 11 Pro 5G (Oasis Green, 256 GB)",24999.0,10% off,8 GB RAM | 256 GB ROM17.02 cm (6.7 inch) Full HD+ Display100MP (OIS) + 2MP | 16MP Front Camera5000 mAh BatteryDimensity 7050 Processor1 Year Manufacturer Warranty for Device and 6 Months Manufacturer Warranty for In-Box Accessories,4.3,"33,781 Ratings & 3,041 Reviews",8 GB,256 GB,17.02 cm (6.7 inch) Full HD+ Display100MP (OIS) + 2MP ,100MP (OIS) + 2MP | 16MP Front Camera,5000 mAh,Dimensity 7050 Processor1 Year Manufacturer Warranty for Device and 6 Months Manufacturer Warranty for In-Box Accessories,No Warranty,No Warranty
15,"realme 11 Pro+ 5G (Astral Black, 256 GB)",29999.0,9% off,12 GB RAM | 256 GB ROM17.02 cm (6.7 inch) Full HD+ Display200MP (OIS) + 8MP + 2MP | 32MP Front Camera5000 mAh BatteryDimensity 7050 Processor1 Year Manufacturer Warranty for Device and 6 Months Manufacturer Warranty for In-Box Accessories,4.3,"9,040 Ratings & 976 Reviews",12 GB,256 GB,17.02 cm (6.7 inch) Full HD+ Display200MP (OIS) + 8MP + 2MP ,200MP (OIS) + 8MP + 2MP | 32MP Front Camera,5000 mAh,Dimensity 7050 Processor1 Year Manufacturer Warranty for Device and 6 Months Manufacturer Warranty for In-Box Accessories,No Warranty,No Warranty
16,"realme 11 Pro 5G (Astral Black, 128 GB)",23999.0,7% off,8 GB RAM | 128 GB ROM17.02 cm (6.7 inch) Full HD+ Display100MP (OIS) + 2MP | 16MP Front Camera5000 mAh BatteryDimensity 7050 Processor1 Year Manufacturer Warranty for Device and 6 Months Manufacturer Warranty for In-Box Accessories,4.3,"33,781 Ratings & 3,041 Reviews",8 GB,128 GB,17.02 cm (6.7 inch) Full HD+ Display100MP (OIS) + 2MP ,100MP (OIS) + 2MP | 16MP Front Camera,5000 mAh,Dimensity 7050 Processor1 Year Manufacturer Warranty for Device and 6 Months Manufacturer Warranty for In-Box Accessories,No Warranty,No Warranty
17,"realme 11 Pro+ 5G (Sunrise Beige, 256 GB)",27999.0,6% off,8 GB RAM | 256 GB ROM17.02 cm (6.7 inch) Full HD+ Display200MP (OIS) + 8MP + 2MP | 32MP Front Camera5000 mAh BatteryDimensity 7050 Processor1 Year Manufacturer Warranty for Device and 6 Months Manufacturer Warranty for In-Box Accessories,4.3,"25,055 Ratings & 2,677 Reviews",8 GB,256 GB,17.02 cm (6.7 inch) Full HD+ Display200MP (OIS) + 8MP + 2MP ,200MP (OIS) + 8MP + 2MP | 32MP Front Camera,5000 mAh,Dimensity 7050 Processor1 Year Manufacturer Warranty for Device and 6 Months Manufacturer Warranty for In-Box Accessories,No Warranty,No Warranty
18,"realme 11 Pro+ 5G (Astral Black, 256 GB)",27999.0,6% off,8 GB RAM | 256 GB ROM17.02 cm (6.7 inch) Full HD+ Display200MP (OIS) + 8MP + 2MP | 32MP Front Camera5000 mAh BatteryDimensity 7050 Processor1 Year Manufacturer Warranty for Device and 6 Months Manufacturer Warranty for In-Box Accessories,4.3,"25,055 Ratings & 2,677 Reviews",8 GB,256 GB,17.02 cm (6.7 inch) Full HD+ Display200MP (OIS) + 8MP + 2MP ,200MP (OIS) + 8MP + 2MP | 32MP Front Camera,5000 mAh,Dimensity 7050 Processor1 Year Manufacturer Warranty for Device and 6 Months Manufacturer Warranty for In-Box Accessories,No Warranty,No Warranty
19,"realme 11 5G (Glory Black, 256 GB)",19999.0,13% off,8 GB RAM | 256 GB ROM | Expandable Upto 2 TB17.07 cm (6.72 inch) Full HD+ Display108MP + 2MP | 16MP Front Camera5000 mAh BatteryDimensity 6100+ Processor1 Year Manufacturer Warranty for Phone and 6 Months Warranty for In the Box Accessories,4.3,"6,015 Ratings & 597 Reviews",8 GB,256 GB,17.07 cm (6.72 inch) Full HD+ Display108MP + 2MP ,108MP + 2MP | 16MP Front Camera,5000 mAh,Dimensity 6100+ Processor1 Year Manufacturer Warranty for Phone and 6 Months Warranty for In the Box Accessories,1 Year Manufacturer Warranty for Phone,6 Months Warranty for In the Box Accessories
20,"realme 11 5G (Glory Gold, 128 GB)",18999.0,9% off,8 GB RAM | 128 GB ROM | Expandable Upto 2 TB17.07 cm (6.72 inch) Full HD+ Display108MP + 2MP | 16MP Front Camera5000 mAh BatteryDimensity 6100+ Processor1 Year Manufacturer Warranty for Phone and 6 Months Warranty for In the Box Accessories,4.3,"6,015 Ratings & 597 Reviews",8 GB,128 GB,17.07 cm (6.72 inch) Full HD+ Display108MP + 2MP ,108MP + 2MP | 16MP Front Camera,5000 mAh,Dimensity 6100+ Processor1 Year Manufacturer Warranty for Phone and 6 Months Warranty for In the Box Accessories,1 Year Manufacturer Warranty for Phone,6 Months Warranty for In the Box Accessories
21,"realme 11 5G (Glory Gold, 256 GB)",19999.0,13% off,8 GB RAM | 256 GB ROM | Expandable Upto 2 TB17.07 cm (6.72 inch) Full HD+ Display108MP + 2MP | 16MP Front Camera5000 mAh BatteryDimensity 6100+ Processor1 Year Manufacturer Warranty for Phone and 6 Months Warranty for In the Box Accessories,4.3,"6,015 Ratings & 597 Reviews",8 GB,256 GB,17.07 cm (6.72 inch) Full HD+ Display108MP + 2MP ,108MP + 2MP | 16MP Front Camera,5000 mAh,Dimensity 6100+ Processor1 Year Manufacturer Warranty for Phone and 6 Months Warranty for In the Box Accessories,1 Year Manufacturer Warranty for Phone,6 Months Warranty for In the Box Accessories
24,"realme 11x 5G (Purple Dawn, 128 GB)",15999.0,15% off,8 GB RAM | 128 GB ROM | Expandable Upto 2 TB17.07 cm (6.72 inch) Full HD+ Display64MP + 2MP | 8MP Front Camera5000 mAh BatteryDimensity 6100+ Processor1 Year Manufacturer Warranty for Phone and 6 Months Warranty for In the Box Accessories,4.3,"2,515 Ratings & 210 Reviews",8 GB,128 GB,17.07 cm (6.72 inch) Full HD+ Display64MP + 2MP ,64MP + 2MP | 8MP Front Camera,5000 mAh,Dimensity 6100+ Processor1 Year Manufacturer Warranty for Phone and 6 Months Warranty for In the Box Accessories,1 Year Manufacturer Warranty for Phone,6 Months Warranty for In the Box Accessories
25,"realme 11x 5G (Purple Dawn, 128 GB)",14999.0,0,6 GB RAM | 128 GB ROM | Expandable Upto 2 TB17.07 cm (6.72 inch) Full HD+ Display64MP + 2MP | 8MP Front Camera5000 mAh BatteryDimensity 6100+ Processor1 Year Manufacturer Warranty for Phone and 6 Months Warranty for In the Box Accessories,4.4,"13,807 Ratings & 988 Reviews",6 GB,128 GB,17.07 cm (6.72 inch) Full HD+ Display64MP + 2MP ,64MP + 2MP | 8MP Front Camera,5000 mAh,Dimensity 6100+ Processor1 Year Manufacturer Warranty for Phone and 6 Months Warranty for In the Box Accessories,1 Year Manufacturer Warranty for Phone,6 Months Warranty for In the Box Accessories
26,"realme 11x 5G (Midnight Black, 128 GB)",14999.0,11% off,6 GB RAM | 128 GB ROM | Expandable Upto 2 TB17.07 cm (6.72 inch) Full HD+ Display64MP + 2MP | 8MP Front Camera5000 mAh BatteryDimensity 6100+ Processor1 Year Manufacturer Warranty for Phone and 6 Months Warranty for In the Box Accessories,4.4,"13,807 Ratings & 988 Reviews",6 GB,128 GB,17.07 cm (6.72 inch) Full HD+ Display64MP + 2MP ,64MP + 2MP | 8MP Front Camera,5000 mAh,Dimensity 6100+ Processor1 Year Manufacturer Warranty for Phone and 6 Months Warranty for In the Box Accessories,1 Year Manufacturer Warranty for Phone,6 Months Warranty for In the Box Accessories
27,"realme 11x 5G (Midnight Black, 128 GB)",15999.0,15% off,8 GB RAM | 128 GB ROM | Expandable Upto 2 TB17.07 cm (6.72 inch) Full HD+ Display64MP + 2MP | 8MP Front Camera5000 mAh BatteryDimensity 6100+ Processor1 Year Manufacturer Warranty for Phone and 6 Months Warranty for In the Box Accessories,4.3,"2,515 Ratings & 210 Reviews",8 GB,128 GB,17.07 cm (6.72 inch) Full HD+ Display64MP + 2MP ,64MP + 2MP | 8MP Front Camera,5000 mAh,Dimensity 6100+ Processor1 Year Manufacturer Warranty for Phone and 6 Months Warranty for In the Box Accessories,1 Year Manufacturer Warranty for Phone,6 Months Warranty for In the Box Accessories
30,"realme 11 Pro+ 5G (Oasis Green, 256 GB)",29999.0,9% off,12 GB RAM | 256 GB ROM17.02 cm (6.7 inch) Full HD+ Display200MP (OIS) + 8MP + 2MP | 32MP Front Camera5000 mAh BatteryDimensity 7050 Processor1 Year Manufacturer Warranty for Device and 6 Months Manufacturer Warranty for In-Box Accessories,4.3,"9,040 Ratings & 976 Reviews",12 GB,256 GB,17.02 cm (6.7 inch) Full HD+ Display200MP (OIS) + 8MP + 2MP ,200MP (OIS) + 8MP + 2MP | 32MP Front Camera,5000 mAh,Dimensity 7050 Processor1 Year Manufacturer Warranty for Device and 6 Months Manufacturer Warranty for In-Box Accessories,No Warranty,No Warranty
31,"realme 11 Pro 5G (Astral Black, 256 GB)",24999.0,10% off,8 GB RAM | 256 GB ROM17.02 cm (6.7 inch) Full HD+ Display100MP (OIS) + 2MP | 16MP Front Camera5000 mAh BatteryDimensity 7050 Processor1 Year Manufacturer Warranty for Device and 6 Months Manufacturer Warranty for In-Box Accessories,4.3,"33,781 Ratings & 3,041 Reviews",8 GB,256 GB,17.02 cm (6.7 inch) Full HD+ Display100MP (OIS) + 2MP ,100MP (OIS) + 2MP | 16MP Front Camera,5000 mAh,Dimensity 7050 Processor1 Year Manufacturer Warranty for Device and 6 Months Manufacturer Warranty for In-Box Accessories,No Warranty,No Warranty
32,"realme 11 Pro 5G (Astral Black, 256 GB)",27999.0,9% off,12 GB RAM | 256 GB ROM17.02 cm (6.7 inch) Full HD+ Display100MP (OIS) + 2MP | 16MP Front Camera5000 mAh BatteryDimensity 7050 Processor1 Year Manufacturer Warranty for Device and 6 Months Manufacturer Warranty for In-Box Accessories,4.3,939 Ratings & 82 Reviews,12 GB,256 GB,17.02 cm (6.7 inch) Full HD+ Display100MP (OIS) + 2MP ,100MP (OIS) + 2MP | 16MP Front Camera,5000 mAh,Dimensity 7050 Processor1 Year Manufacturer Warranty for Device and 6 Months Manufacturer Warranty for In-Box Accessories,No Warranty,No Warranty
33,"realme 11 Pro 5G (Sunrise Beige, 256 GB)",24999.0,10% off,8 GB RAM | 256 GB ROM17.02 cm (6.7 inch) Full HD+ Display100MP (OIS) + 2MP | 16MP Front Camera5000 mAh BatteryDimensity 7050 Processor1 Year Manufacturer Warranty for Device and 6 Months Manufacturer Warranty for In-Box Accessories,4.3,"33,781 Ratings & 3,041 Reviews",8 GB,256 GB,17.02 cm (6.7 inch) Full HD+ Display100MP (OIS) + 2MP ,100MP (OIS) + 2MP | 16MP Front Camera,5000 mAh,Dimensity 7050 Processor1 Year Manufacturer Warranty for Device and 6 Months Manufacturer Warranty for In-Box Accessories,No Warranty,No Warranty
36,"realme 11 Pro+ 5G (Sunrise Beige, 256 GB)",29999.0,9% off,12 GB RAM | 256 GB ROM17.02 cm (6.7 inch) Full HD+ Display200MP (OIS) + 8MP + 2MP | 32MP Front Camera5000 mAh BatteryDimensity 7050 Processor1 Year Manufacturer Warranty for Device and 6 Months Manufacturer Warranty for In-Box Accessories,4.3,"9,040 Ratings & 976 Reviews",12 GB,256 GB,17.02 cm (6.7 inch) Full HD+ Display200MP (OIS) + 8MP + 2MP ,200MP (OIS) + 8MP + 2MP | 32MP Front Camera,5000 mAh,Dimensity 7050 Processor1 Year Manufacturer Warranty for Device and 6 Months Manufacturer Warranty for In-Box Accessories,No Warranty,No Warranty
37,"realme 11 Pro+ 5G (Oasis Green, 256 GB)",27999.0,6% off,8 GB RAM | 256 GB ROM17.02 cm (6.7 inch) Full HD+ Display200MP (OIS) + 8MP + 2MP | 32MP Front Camera5000 mAh BatteryDimensity 7050 Processor1 Year Manufacturer Warranty for Device and 6 Months Manufacturer Warranty for In-Box Accessories,4.3,"25,055 Ratings & 2,677 Reviews",8 GB,256 GB,17.02 cm (6.7 inch) Full HD+ Display200MP (OIS) + 8MP + 2MP ,200MP (OIS) + 8MP + 2MP | 32MP Front Camera,5000 mAh,Dimensity 7050 Processor1 Year Manufacturer Warranty for Device and 6 Months Manufacturer Warranty for In-Box Accessories,No Warranty,No Warranty
38,"realme 11 Pro 5G (Oasis Green, 256 GB)",24999.0,10% off,8 GB RAM | 256 GB ROM17.02 cm (6.7 inch) Full HD+ Display100MP (OIS) + 2MP | 16MP Front Camera5000 mAh BatteryDimensity 7050 Processor1 Year Manufacturer Warranty for Device and 6 Months Manufacturer Warranty for In-Box Accessories,4.3,"33,781 Ratings & 3,041 Reviews",8 GB,256 GB,17.02 cm (6.7 inch) Full HD+ Display100MP (OIS) + 2MP ,100MP (OIS) + 2MP | 16MP Front Camera,5000 mAh,Dimensity 7050 Processor1 Year Manufacturer Warranty for Device and 6 Months Manufacturer Warranty for In-Box Accessories,No Warranty,No Warranty
39,"realme 11 Pro+ 5G (Astral Black, 256 GB)",29999.0,9% off,12 GB RAM | 256 GB ROM17.02 cm (6.7 inch) Full HD+ Display200MP (OIS) + 8MP + 2MP | 32MP Front Camera5000 mAh BatteryDimensity 7050 Processor1 Year Manufacturer Warranty for Device and 6 Months Manufacturer Warranty for In-Box Accessories,4.3,"9,040 Ratings & 976 Reviews",12 GB,256 GB,17.02 cm (6.7 inch) Full HD+ Display200MP (OIS) + 8MP + 2MP ,200MP (OIS) + 8MP + 2MP | 32MP Front Camera,5000 mAh,Dimensity 7050 Processor1 Year Manufacturer Warranty for Device and 6 Months Manufacturer Warranty for In-Box Accessories,No Warranty,No Warranty
40,"realme 11 Pro 5G (Astral Black, 128 GB)",23999.0,7% off,8 GB RAM | 128 GB ROM17.02 cm (6.7 inch) Full HD+ Display100MP (OIS) + 2MP | 16MP Front Camera5000 mAh BatteryDimensity 7050 Processor1 Year Manufacturer Warranty for Device and 6 Months Manufacturer Warranty for In-Box Accessories,4.3,"33,781 Ratings & 3,041 Reviews",8 GB,128 GB,17.02 cm (6.7 inch) Full HD+ Display100MP (OIS) + 2MP ,100MP (OIS) + 2MP | 16MP Front Camera,5000 mAh,Dimensity 7050 Processor1 Year Manufacturer Warranty for Device and 6 Months Manufacturer Warranty for In-Box Accessories,No Warranty,No Warranty
41,"realme 11 Pro+ 5G (Sunrise Beige, 256 GB)",27999.0,6% off,8 GB RAM | 256 GB ROM17.02 cm (6.7 inch) Full HD+ Display200MP (OIS) + 8MP + 2MP | 32MP Front Camera5000 mAh BatteryDimensity 7050 Processor1 Year Manufacturer Warranty for Device and 6 Months Manufacturer Warranty for In-Box Accessories,4.3,"25,055 Ratings & 2,677 Reviews",8 GB,256 GB,17.02 cm (6.7 inch) Full HD+ Display200MP (OIS) + 8MP + 2MP ,200MP (OIS) + 8MP + 2MP | 32MP Front Camera,5000 mAh,Dimensity 7050 Processor1 Year Manufacturer Warranty for Device and 6 Months Manufacturer Warranty for In-Box Accessories,No Warranty,No Warranty
42,"realme 11 Pro+ 5G (Astral Black, 256 GB)",27999.0,6% off,8 GB RAM | 256 GB ROM17.02 cm (6.7 inch) Full HD+ Display200MP (OIS) + 8MP + 2MP | 32MP Front Camera5000 mAh BatteryDimensity 7050 Processor1 Year Manufacturer Warranty for Device and 6 Months Manufacturer Warranty for In-Box Accessories,4.3,"25,055 Ratings & 2,677 Reviews",8 GB,256 GB,17.02 cm (6.7 inch) Full HD+ Display200MP (OIS) + 8MP + 2MP ,200MP (OIS) + 8MP + 2MP | 32MP Front Camera,5000 mAh,Dimensity 7050 Processor1 Year Manufacturer Warranty for Device and 6 Months Manufacturer Warranty for In-Box Accessories,No Warranty,No Warranty
43,"realme 11 5G (Glory Black, 256 GB)",19999.0,13% off,8 GB RAM | 256 GB ROM | Expandable Upto 2 TB17.07 cm (6.72 inch) Full HD+ Display108MP + 2MP | 16MP Front Camera5000 mAh BatteryDimensity 6100+ Processor1 Year Manufacturer Warranty for Phone and 6 Months Warranty for In the Box Accessories,4.3,"6,015 Ratings & 597 Reviews",8 GB,256 GB,17.07 cm (6.72 inch) Full HD+ Display108MP + 2MP ,108MP + 2MP | 16MP Front Camera,5000 mAh,Dimensity 6100+ Processor1 Year Manufacturer Warranty for Phone and 6 Months Warranty for In the Box Accessories,1 Year Manufacturer Warranty for Phone,6 Months Warranty for In the Box Accessories
44,"realme 11 5G (Glory Gold, 128 GB)",18999.0,9% off,8 GB RAM | 128 GB ROM | Expandable Upto 2 TB17.07 cm (6.72 inch) Full HD+ Display108MP + 2MP | 16MP Front Camera5000 mAh BatteryDimensity 6100+ Processor1 Year Manufacturer Warranty for Phone and 6 Months Warranty for In the Box Accessories,4.3,"6,015 Ratings & 597 Reviews",8 GB,128 GB,17.07 cm (6.72 inch) Full HD+ Display108MP + 2MP ,108MP + 2MP | 16MP Front Camera,5000 mAh,Dimensity 6100+ Processor1 Year Manufacturer Warranty for Phone and 6 Months Warranty for In the Box Accessories,1 Year Manufacturer Warranty for Phone,6 Months Warranty for In the Box Accessories
45,"realme 11 5G (Glory Gold, 256 GB)",19999.0,13% off,8 GB RAM | 256 GB ROM | Expandable Upto 2 TB17.07 cm (6.72 inch) Full HD+ Display108MP + 2MP | 16MP Front Camera5000 mAh BatteryDimensity 6100+ Processor1 Year Manufacturer Warranty for Phone and 6 Months Warranty for In the Box Accessories,4.3,"6,015 Ratings & 597 Reviews",8 GB,256 GB,17.07 cm (6.72 inch) Full HD+ Display108MP + 2MP ,108MP + 2MP | 16MP Front Camera,5000 mAh,Dimensity 6100+ Processor1 Year Manufacturer Warranty for Phone and 6 Months Warranty for In the Box Accessories,1 Year Manufacturer Warranty for Phone,6 Months Warranty for In the Box Accessories
48,"realme 11x 5G (Purple Dawn, 128 GB)",15999.0,15% off,8 GB RAM | 128 GB ROM | Expandable Upto 2 TB17.07 cm (6.72 inch) Full HD+ Display64MP + 2MP | 8MP Front Camera5000 mAh BatteryDimensity 6100+ Processor1 Year Manufacturer Warranty for Phone and 6 Months Warranty for In the Box Accessories,4.3,"2,515 Ratings & 210 Reviews",8 GB,128 GB,17.07 cm (6.72 inch) Full HD+ Display64MP + 2MP ,64MP + 2MP | 8MP Front Camera,5000 mAh,Dimensity 6100+ Processor1 Year Manufacturer Warranty for Phone and 6 Months Warranty for In the Box Accessories,1 Year Manufacturer Warranty for Phone,6 Months Warranty for In the Box Accessories
49,"realme 11x 5G (Purple Dawn, 128 GB)",14999.0,0,6 GB RAM | 128 GB ROM | Expandable Upto 2 TB17.07 cm (6.72 inch) Full HD+ Display64MP + 2MP | 8MP Front Camera5000 mAh BatteryDimensity 6100+ Processor1 Year Manufacturer Warranty for Phone and 6 Months Warranty for In the Box Accessories,4.4,"13,807 Ratings & 988 Reviews",6 GB,128 GB,17.07 cm (6.72 inch) Full HD+ Display64MP + 2MP ,64MP + 2MP | 8MP Front Camera,5000 mAh,Dimensity 6100+ Processor1 Year Manufacturer Warranty for Phone and 6 Months Warranty for In the Box Accessories,1 Year Manufacturer Warranty for Phone,6 Months Warranty for In the Box Accessories
50,"realme 11x 5G (Midnight Black, 128 GB)",14999.0,11% off,6 GB RAM | 128 GB ROM | Expandable Upto 2 TB17.07 cm (6.72 inch) Full HD+ Display64MP + 2MP | 8MP Front Camera5000 mAh BatteryDimensity 6100+ Processor1 Year Manufacturer Warranty for Phone and 6 Months Warranty for In the Box Accessories,4.4,"13,807 Ratings & 988 Reviews",6 GB,128 GB,17.07 cm (6.72 inch) Full HD+ Display64MP + 2MP ,64MP + 2MP | 8MP Front Camera,5000 mAh,Dimensity 6100+ Processor1 Year Manufacturer Warranty for Phone and 6 Months Warranty for In the Box Accessories,1 Year Manufacturer Warranty for Phone,6 Months Warranty for In the Box Accessories
51,"realme 11x 5G (Midnight Black, 128 GB)",15999.0,15% off,8 GB RAM | 128 GB ROM | Expandable Upto 2 TB17.07 cm (6.72 inch) Full HD+ Display64MP + 2MP | 8MP Front Camera5000 mAh BatteryDimensity 6100+ Processor1 Year Manufacturer Warranty for Phone and 6 Months Warranty for In the Box Accessories,4.3,"2,515 Ratings & 210 Reviews",8 GB,128 GB,17.07 cm (6.72 inch) Full HD+ Display64MP + 2MP ,64MP + 2MP | 8MP Front Camera,5000 mAh,Dimensity 6100+ Processor1 Year Manufacturer Warranty for Phone and 6 Months Warranty for In the Box Accessories,1 Year Manufacturer Warranty for Phone,6 Months Warranty for In the Box Accessories
52,"realme 11 Pro+ 5G (Oasis Green, 256 GB)",27999.0,6% off,8 GB RAM | 256 GB ROM17.02 cm (6.7 inch) Full HD+ Display200MP (OIS) + 8MP + 2MP | 32MP Front Camera5000 mAh BatteryDimensity 7050 Processor1 Year Manufacturer Warranty for Device and 6 Months Manufacturer Warranty for In-Box Accessories,4.3,"25,055 Ratings & 2,677 Reviews",8 GB,256 GB,17.02 cm (6.7 inch) Full HD+ Display200MP (OIS) + 8MP + 2MP ,200MP (OIS) + 8MP + 2MP | 32MP Front Camera,5000 mAh,Dimensity 7050 Processor1 Year Manufacturer Warranty for Device and 6 Months Manufacturer Warranty for In-Box Accessories,No Warranty,No Warranty
53,"realme 11 Pro+ 5G (Sunrise Beige, 256 GB)",27999.0,6% off,8 GB RAM | 256 GB ROM17.02 cm (6.7 inch) Full HD+ Display200MP (OIS) + 8MP + 2MP | 32MP Front Camera5000 mAh BatteryDimensity 7050 Processor1 Year Manufacturer Warranty for Device and 6 Months Manufacturer Warranty for In-Box Accessories,4.3,"25,055 Ratings & 2,677 Reviews",8 GB,256 GB,17.02 cm (6.7 inch) Full HD+ Display200MP (OIS) + 8MP + 2MP ,200MP (OIS) + 8MP + 2MP | 32MP Front Camera,5000 mAh,Dimensity 7050 Processor1 Year Manufacturer Warranty for Device and 6 Months Manufacturer Warranty for In-Box Accessories,No Warranty,No Warranty
54,"realme 11 Pro+ 5G (Astral Black, 256 GB)",27999.0,6% off,8 GB RAM | 256 GB ROM17.02 cm (6.7 inch) Full HD+ Display200MP (OIS) + 8MP + 2MP | 32MP Front Camera5000 mAh BatteryDimensity 7050 Processor1 Year Manufacturer Warranty for Device and 6 Months Manufacturer Warranty for In-Box Accessories,4.3,"25,055 Ratings & 2,677 Reviews",8 GB,256 GB,17.02 cm (6.7 inch) Full HD+ Display200MP (OIS) + 8MP + 2MP ,200MP (OIS) + 8MP + 2MP | 32MP Front Camera,5000 mAh,Dimensity 7050 Processor1 Year Manufacturer Warranty for Device and 6 Months Manufacturer Warranty for In-Box Accessories,No Warranty,No Warranty
59,"realme 11 Pro 5G (Sunrise Beige, 256 GB)",27999.0,9% off,12 GB RAM | 256 GB ROM17.02 cm (6.7 inch) Full HD+ Display100MP (OIS) + 2MP | 16MP Front Camera5000 mAh BatteryDimensity 7050 Processor1 Year Manufacturer Warranty for Device and 6 Months Manufacturer Warranty for In-Box Accessories,4.3,939 Ratings & 82 Reviews,12 GB,256 GB,17.02 cm (6.7 inch) Full HD+ Display100MP (OIS) + 2MP ,100MP (OIS) + 2MP | 16MP Front Camera,5000 mAh,Dimensity 7050 Processor1 Year Manufacturer Warranty for Device and 6 Months Manufacturer Warranty for In-Box Accessories,No Warranty,No Warranty
60,"realme 10 Pro 5G (Dark Matter, 128 GB)",17999.0,21% off,8 GB RAM | 128 GB ROM | Expandable Upto 1 TB17.07 cm (6.72 inch) Full HD+ Display108MP + 2MP | 16MP Front Camera5000 mAh BatteryQualcomm Snapdragon 695 5G Processor1 Year Manufacturer Warranty for Phone and 6 Months Warranty for In-Box Accessories,4.3,"32,598 Ratings & 2,376 Reviews",8 GB,128 GB,17.07 cm (6.72 inch) Full HD+ Display108MP + 2MP ,108MP + 2MP | 16MP Front Camera,5000 mAh,Snapdragon 695 5G Processor1 Year Manufacturer Warranty for Phone and 6 Months Warranty for In-Box Accessories,1 Year Manufacturer Warranty for Phone,No Warranty
61,"realme 10 Pro 5G (Hyperspace, 128 GB)",17999.0,21% off,8 GB RAM | 128 GB ROM | Expandable Upto 1 TB17.07 cm (6.72 inch) Full HD+ Display108MP + 2MP | 16MP Front Camera5000 mAh BatteryQualcomm Snapdragon 695 5G Processor1 Year Manufacturer Warranty for Phone and 6 Months Warranty for In-Box Accessories,4.3,"32,598 Ratings & 2,376 Reviews",8 GB,128 GB,17.07 cm (6.72 inch) Full HD+ Display108MP + 2MP ,108MP + 2MP | 16MP Front Camera,5000 mAh,Snapdragon 695 5G Processor1 Year Manufacturer Warranty for Phone and 6 Months Warranty for In-Box Accessories,1 Year Manufacturer Warranty for Phone,No Warranty
62,"realme 11 Pro+ 5G (Oasis Green, 256 GB)",29999.0,9% off,12 GB RAM | 256 GB ROM17.02 cm (6.7 inch) Full HD+ Display200MP (OIS) + 8MP + 2MP | 32MP Front Camera5000 mAh BatteryDimensity 7050 Processor1 Year Manufacturer Warranty for Device and 6 Months Manufacturer Warranty for In-Box Accessories,4.3,"9,040 Ratings & 976 Reviews",12 GB,256 GB,17.02 cm (6.7 inch) Full HD+ Display200MP (OIS) + 8MP + 2MP ,200MP (OIS) + 8MP + 2MP | 32MP Front Camera,5000 mAh,Dimensity 7050 Processor1 Year Manufacturer Warranty for Device and 6 Months Manufacturer Warranty for In-Box Accessories,No Warranty,No Warranty
63,"realme 10 Pro 5G (Nebula Blue, 128 GB)",17999.0,21% off,8 GB RAM | 128 GB ROM | Expandable Upto 1 TB17.07 cm (6.72 inch) Full HD+ Display108MP + 2MP | 16MP Front Camera5000 mAh BatteryQualcomm Snapdragon 695 5G Processor1 Year Manufacturer Warranty for Phone and 6 Months Warranty for In-Box Accessories,4.3,"32,598 Ratings & 2,376 Reviews",8 GB,128 GB,17.07 cm (6.72 inch) Full HD+ Display108MP + 2MP ,108MP + 2MP | 16MP Front Camera,5000 mAh,Snapdragon 695 5G Processor1 Year Manufacturer Warranty for Phone and 6 Months Warranty for In-Box Accessories,1 Year Manufacturer Warranty for Phone,No Warranty
64,"realme 10 Pro 5G (Nebula Blue, 128 GB)",16999.0,19% off,6 GB RAM | 128 GB ROM | Expandable Upto 1 TB17.07 cm (6.72 inch) Full HD+ Display108MP + 2MP | 16MP Front Camera5000 mAh BatteryQualcomm Snapdragon 695 5G Processor1 Year Manufacturer Warranty for Phone and 6 Months Warranty for In-Box Accessories,4.3,"38,372 Ratings & 2,758 Reviews",6 GB,128 GB,17.07 cm (6.72 inch) Full HD+ Display108MP + 2MP ,108MP + 2MP | 16MP Front Camera,5000 mAh,Snapdragon 695 5G Processor1 Year Manufacturer Warranty for Phone and 6 Months Warranty for In-Box Accessories,1 Year Manufacturer Warranty for Phone,No Warranty
65,"realme 11 Pro 5G (Astral Black, 256 GB)",24999.0,10% off,8 GB RAM | 256 GB ROM17.02 cm (6.7 inch) Full HD+ Display100MP (OIS) + 2MP | 16MP Front Camera5000 mAh BatteryDimensity 7050 Processor1 Year Manufacturer Warranty for Device and 6 Months Manufacturer Warranty for In-Box Accessories,4.3,"33,781 Ratings & 3,041 Reviews",8 GB,256 GB,17.02 cm (6.7 inch) Full HD+ Display100MP (OIS) + 2MP ,100MP (OIS) + 2MP | 16MP Front Camera,5000 mAh,Dimensity 7050 Processor1 Year Manufacturer Warranty for Device and 6 Months Manufacturer Warranty for In-Box Accessories,No Warranty,No Warranty
66,"realme 10 Pro 5G (Dark Matter, 128 GB)",16999.0,19% off,6 GB RAM | 128 GB ROM | Expandable Upto 1 TB17.07 cm (6.72 inch) Full HD+ Display108MP + 2MP | 16MP Front Camera5000 mAh BatteryQualcomm Snapdragon 695 5G Processor1 Year Manufacturer Warranty for Phone and 6 Months Warranty for In-Box Accessories,4.3,"38,372 Ratings & 2,758 Reviews",6 GB,128 GB,17.07 cm (6.72 inch) Full HD+ Display108MP + 2MP ,108MP + 2MP | 16MP Front Camera,5000 mAh,Snapdragon 695 5G Processor1 Year Manufacturer Warranty for Phone and 6 Months Warranty for In-Box Accessories,1 Year Manufacturer Warranty for Phone,No Warranty
67,"realme 11 Pro 5G (Astral Black, 256 GB)",27999.0,9% off,12 GB RAM | 256 GB ROM17.02 cm (6.7 inch) Full HD+ Display100MP (OIS) + 2MP | 16MP Front Camera5000 mAh BatteryDimensity 7050 Processor1 Year Manufacturer Warranty for Device and 6 Months Manufacturer Warranty for In-Box Accessories,4.3,939 Ratings & 82 Reviews,12 GB,256 GB,17.02 cm (6.7 inch) Full HD+ Display100MP (OIS) + 2MP ,100MP (OIS) + 2MP | 16MP Front Camera,5000 mAh,Dimensity 7050 Processor1 Year Manufacturer Warranty for Device and 6 Months Manufacturer Warranty for In-Box Accessories,No Warranty,No Warranty
68,"realme 11 Pro 5G (Sunrise Beige, 256 GB)",24999.0,10% off,8 GB RAM | 256 GB ROM17.02 cm (6.7 inch) Full HD+ Display100MP (OIS) + 2MP | 16MP Front Camera5000 mAh BatteryDimensity 7050 Processor1 Year Manufacturer Warranty for Device and 6 Months Manufacturer Warranty for In-Box Accessories,4.3,"33,781 Ratings & 3,041 Reviews",8 GB,256 GB,17.02 cm (6.7 inch) Full HD+ Display100MP (OIS) + 2MP ,100MP (OIS) + 2MP | 16MP Front Camera,5000 mAh,Dimensity 7050 Processor1 Year Manufacturer Warranty for Device and 6 Months Manufacturer Warranty for In-Box Accessories,No Warranty,No Warranty
71,"realme 11 Pro+ 5G (Sunrise Beige, 256 GB)",29999.0,9% off,12 GB RAM | 256 GB ROM17.02 cm (6.7 inch) Full HD+ Display200MP (OIS) + 8MP + 2MP | 32MP Front Camera5000 mAh BatteryDimensity 7050 Processor1 Year Manufacturer Warranty for Device and 6 Months Manufacturer Warranty for In-Box Accessories,4.3,"9,040 Ratings & 976 Reviews",12 GB,256 GB,17.02 cm (6.7 inch) Full HD+ Display200MP (OIS) + 8MP + 2MP ,200MP (OIS) + 8MP + 2MP | 32MP Front Camera,5000 mAh,Dimensity 7050 Processor1 Year Manufacturer Warranty for Device and 6 Months Manufacturer Warranty for In-Box Accessories,No Warranty,No Warranty
72,"realme 11x 5G (Purple Dawn, 128 GB)",15999.0,15% off,8 GB RAM | 128 GB ROM | Expandable Upto 2 TB17.07 cm (6.72 inch) Full HD+ Display64MP + 2MP | 8MP Front Camera5000 mAh BatteryDimensity 6100+ Processor1 Year Manufacturer Warranty for Phone and 6 Months Warranty for In the Box Accessories,4.3,"2,515 Ratings & 210 Reviews",8 GB,128 GB,17.07 cm (6.72 inch) Full HD+ Display64MP + 2MP ,64MP + 2MP | 8MP Front Camera,5000 mAh,Dimensity 6100+ Processor1 Year Manufacturer Warranty for Phone and 6 Months Warranty for In the Box Accessories,1 Year Manufacturer Warranty for Phone,6 Months Warranty for In the Box Accessories
73,"realme 11x 5G (Purple Dawn, 128 GB)",14999.0,0,6 GB RAM | 128 GB ROM | Expandable Upto 2 TB17.07 cm (6.72 inch) Full HD+ Display64MP + 2MP | 8MP Front Camera5000 mAh BatteryDimensity 6100+ Processor1 Year Manufacturer Warranty for Phone and 6 Months Warranty for In the Box Accessories,4.4,"13,807 Ratings & 988 Reviews",6 GB,128 GB,17.07 cm (6.72 inch) Full HD+ Display64MP + 2MP ,64MP + 2MP | 8MP Front Camera,5000 mAh,Dimensity 6100+ Processor1 Year Manufacturer Warranty for Phone and 6 Months Warranty for In the Box Accessories,1 Year Manufacturer Warranty for Phone,6 Months Warranty for In the Box Accessories
74,"realme 11x 5G (Midnight Black, 128 GB)",14999.0,11% off,6 GB RAM | 128 GB ROM | Expandable Upto 2 TB17.07 cm (6.72 inch) Full HD+ Display64MP + 2MP | 8MP Front Camera5000 mAh BatteryDimensity 6100+ Processor1 Year Manufacturer Warranty for Phone and 6 Months Warranty for In the Box Accessories,4.4,"13,807 Ratings & 988 Reviews",6 GB,128 GB,17.07 cm (6.72 inch) Full HD+ Display64MP + 2MP ,64MP + 2MP | 8MP Front Camera,5000 mAh,Dimensity 6100+ Processor1 Year Manufacturer Warranty for Phone and 6 Months Warranty for In the Box Accessories,1 Year Manufacturer Warranty for Phone,6 Months Warranty for In the Box Accessories
75,"realme 11x 5G (Midnight Black, 128 GB)",15999.0,15% off,8 GB RAM | 128 GB ROM | Expandable Upto 2 TB17.07 cm (6.72 inch) Full HD+ Display64MP + 2MP | 8MP Front Camera5000 mAh BatteryDimensity 6100+ Processor1 Year Manufacturer Warranty for Phone and 6 Months Warranty for In the Box Accessories,4.3,"2,515 Ratings & 210 Reviews",8 GB,128 GB,17.07 cm (6.72 inch) Full HD+ Display64MP + 2MP ,64MP + 2MP | 8MP Front Camera,5000 mAh,Dimensity 6100+ Processor1 Year Manufacturer Warranty for Phone and 6 Months Warranty for In the Box Accessories,1 Year Manufacturer Warranty for Phone,6 Months Warranty for In the Box Accessories
78,"realme 11 Pro+ 5G (Oasis Green, 256 GB)",29999.0,9% off,12 GB RAM | 256 GB ROM17.02 cm (6.7 inch) Full HD+ Display200MP (OIS) + 8MP + 2MP | 32MP Front Camera5000 mAh BatteryDimensity 7050 Processor1 Year Manufacturer Warranty for Device and 6 Months Manufacturer Warranty for In-Box Accessories,4.3,"9,040 Ratings & 976 Reviews",12 GB,256 GB,17.02 cm (6.7 inch) Full HD+ Display200MP (OIS) + 8MP + 2MP ,200MP (OIS) + 8MP + 2MP | 32MP Front Camera,5000 mAh,Dimensity 7050 Processor1 Year Manufacturer Warranty for Device and 6 Months Manufacturer Warranty for In-Box Accessories,No Warranty,No Warranty
79,"realme 11 Pro 5G (Astral Black, 256 GB)",24999.0,10% off,8 GB RAM | 256 GB ROM17.02 cm (6.7 inch) Full HD+ Display100MP (OIS) + 2MP | 16MP Front Camera5000 mAh BatteryDimensity 7050 Processor1 Year Manufacturer Warranty for Device and 6 Months Manufacturer Warranty for In-Box Accessories,4.3,"33,781 Ratings & 3,041 Reviews",8 GB,256 GB,17.02 cm (6.7 inch) Full HD+ Display100MP (OIS) + 2MP ,100MP (OIS) + 2MP | 16MP Front Camera,5000 mAh,Dimensity 7050 Processor1 Year Manufacturer Warranty for Device and 6 Months Manufacturer Warranty for In-Box Accessories,No Warranty,No Warranty
80,"realme 11 Pro 5G (Astral Black, 256 GB)",27999.0,9% off,12 GB RAM | 256 GB ROM17.02 cm (6.7 inch) Full HD+ Display100MP (OIS) + 2MP | 16MP Front Camera5000 mAh BatteryDimensity 7050 Processor1 Year Manufacturer Warranty for Device and 6 Months Manufacturer Warranty for In-Box Accessories,4.3,939 Ratings & 82 Reviews,12 GB,256 GB,17.02 cm (6.7 inch) Full HD+ Display100MP (OIS) + 2MP ,100MP (OIS) + 2MP | 16MP Front Camera,5000 mAh,Dimensity 7050 Processor1 Year Manufacturer Warranty for Device and 6 Months Manufacturer Warranty for In-Box Accessories,No Warranty,No Warranty
81,"realme 11 Pro 5G (Sunrise Beige, 256 GB)",24999.0,10% off,8 GB RAM | 256 GB ROM17.02 cm (6.7 inch) Full HD+ Display100MP (OIS) + 2MP | 16MP Front Camera5000 mAh BatteryDimensity 7050 Processor1 Year Manufacturer Warranty for Device and 6 Months Manufacturer Warranty for In-Box Accessories,4.3,"33,781 Ratings & 3,041 Reviews",8 GB,256 GB,17.02 cm (6.7 inch) Full HD+ Display100MP (OIS) + 2MP ,100MP (OIS) + 2MP | 16MP Front Camera,5000 mAh,Dimensity 7050 Processor1 Year Manufacturer Warranty for Device and 6 Months Manufacturer Warranty for In-Box Accessories,No Warranty,No Warranty
84,"realme 11 Pro+ 5G (Sunrise Beige, 256 GB)",29999.0,9% off,12 GB RAM | 256 GB ROM17.02 cm (6.7 inch) Full HD+ Display200MP (OIS) + 8MP + 2MP | 32MP Front Camera5000 mAh BatteryDimensity 7050 Processor1 Year Manufacturer Warranty for Device and 6 Months Manufacturer Warranty for In-Box Accessories,4.3,"9,040 Ratings & 976 Reviews",12 GB,256 GB,17.02 cm (6.7 inch) Full HD+ Display200MP (OIS) + 8MP + 2MP ,200MP (OIS) + 8MP + 2MP | 32MP Front Camera,5000 mAh,Dimensity 7050 Processor1 Year Manufacturer Warranty for Device and 6 Months Manufacturer Warranty for In-Box Accessories,No Warranty,No Warranty
85,"realme 11 Pro+ 5G (Oasis Green, 256 GB)",27999.0,6% off,8 GB RAM | 256 GB ROM17.02 cm (6.7 inch) Full HD+ Display200MP (OIS) + 8MP + 2MP | 32MP Front Camera5000 mAh BatteryDimensity 7050 Processor1 Year Manufacturer Warranty for Device and 6 Months Manufacturer Warranty for In-Box Accessories,4.3,"25,055 Ratings & 2,677 Reviews",8 GB,256 GB,17.02 cm (6.7 inch) Full HD+ Display200MP (OIS) + 8MP + 2MP ,200MP (OIS) + 8MP + 2MP | 32MP Front Camera,5000 mAh,Dimensity 7050 Processor1 Year Manufacturer Warranty for Device and 6 Months Manufacturer Warranty for In-Box Accessories,No Warranty,No Warranty
86,"realme 11 Pro 5G (Oasis Green, 256 GB)",24999.0,10% off,8 GB RAM | 256 GB ROM17.02 cm (6.7 inch) Full HD+ Display100MP (OIS) + 2MP | 16MP Front Camera5000 mAh BatteryDimensity 7050 Processor1 Year Manufacturer Warranty for Device and 6 Months Manufacturer Warranty for In-Box Accessories,4.3,"33,781 Ratings & 3,041 Reviews",8 GB,256 GB,17.02 cm (6.7 inch) Full HD+ Display100MP (OIS) + 2MP ,100MP (OIS) + 2MP | 16MP Front Camera,5000 mAh,Dimensity 7050 Processor1 Year Manufacturer Warranty for Device and 6 Months Manufacturer Warranty for In-Box Accessories,No Warranty,No Warranty
87,"realme 11 Pro+ 5G (Astral Black, 256 GB)",29999.0,9% off,12 GB RAM | 256 GB ROM17.02 cm (6.7 inch) Full HD+ Display200MP (OIS) + 8MP + 2MP | 32MP Front Camera5000 mAh BatteryDimensity 7050 Processor1 Year Manufacturer Warranty for Device and 6 Months Manufacturer Warranty for In-Box Accessories,4.3,"9,040 Ratings & 976 Reviews",12 GB,256 GB,17.02 cm (6.7 inch) Full HD+ Display200MP (OIS) + 8MP + 2MP ,200MP (OIS) + 8MP + 2MP | 32MP Front Camera,5000 mAh,Dimensity 7050 Processor1 Year Manufacturer Warranty for Device and 6 Months Manufacturer Warranty for In-Box Accessories,No Warranty,No Warranty
88,"realme 11 Pro 5G (Astral Black, 128 GB)",23999.0,7% off,8 GB RAM | 128 GB ROM17.02 cm (6.7 inch) Full HD+ Display100MP (OIS) + 2MP | 16MP Front Camera5000 mAh BatteryDimensity 7050 Processor1 Year Manufacturer Warranty for Device and 6 Months Manufacturer Warranty for In-Box Accessories,4.3,"33,781 Ratings & 3,041 Reviews",8 GB,128 GB,17.02 cm (6.7 inch) Full HD+ Display100MP (OIS) + 2MP ,100MP (OIS) + 2MP | 16MP Front Camera,5000 mAh,Dimensity 7050 Processor1 Year Manufacturer Warranty for Device and 6 Months Manufacturer Warranty for In-Box Accessories,No Warranty,No Warranty
89,"realme 11 Pro+ 5G (Sunrise Beige, 256 GB)",27999.0,6% off,8 GB RAM | 256 GB ROM17.02 cm (6.7 inch) Full HD+ Display200MP (OIS) + 8MP + 2MP | 32MP Front Camera5000 mAh BatteryDimensity 7050 Processor1 Year Manufacturer Warranty for Device and 6 Months Manufacturer Warranty for In-Box Accessories,4.3,"25,055 Ratings & 2,677 Reviews",8 GB,256 GB,17.02 cm (6.7 inch) Full HD+ Display200MP (OIS) + 8MP + 2MP ,200MP (OIS) + 8MP + 2MP | 32MP Front Camera,5000 mAh,Dimensity 7050 Processor1 Year Manufacturer Warranty for Device and 6 Months Manufacturer Warranty for In-Box Accessories,No Warranty,No Warranty
90,"realme 11 Pro+ 5G (Astral Black, 256 GB)",27999.0,6% off,8 GB RAM | 256 GB ROM17.02 cm (6.7 inch) Full HD+ Display200MP (OIS) + 8MP + 2MP | 32MP Front Camera5000 mAh BatteryDimensity 7050 Processor1 Year Manufacturer Warranty for Device and 6 Months Manufacturer Warranty for In-Box Accessories,4.3,"25,055 Ratings & 2,677 Reviews",8 GB,256 GB,17.02 cm (6.7 inch) Full HD+ Display200MP (OIS) + 8MP + 2MP ,200MP (OIS) + 8MP + 2MP | 32MP Front Camera,5000 mAh,Dimensity 7050 Processor1 Year Manufacturer Warranty for Device and 6 Months Manufacturer Warranty for In-Box Accessories,No Warranty,No Warranty
91,"realme 11 5G (Glory Black, 256 GB)",19999.0,13% off,8 GB RAM | 256 GB ROM | Expandable Upto 2 TB17.07 cm (6.72 inch) Full HD+ Display108MP + 2MP | 16MP Front Camera5000 mAh BatteryDimensity 6100+ Processor1 Year Manufacturer Warranty for Phone and 6 Months Warranty for In the Box Accessories,4.3,"6,015 Ratings & 597 Reviews",8 GB,256 GB,17.07 cm (6.72 inch) Full HD+ Display108MP + 2MP ,108MP + 2MP | 16MP Front Camera,5000 mAh,Dimensity 6100+ Processor1 Year Manufacturer Warranty for Phone and 6 Months Warranty for In the Box Accessories,1 Year Manufacturer Warranty for Phone,6 Months Warranty for In the Box Accessories
92,"realme 11 5G (Glory Gold, 128 GB)",18999.0,9% off,8 GB RAM | 128 GB ROM | Expandable Upto 2 TB17.07 cm (6.72 inch) Full HD+ Display108MP + 2MP | 16MP Front Camera5000 mAh BatteryDimensity 6100+ Processor1 Year Manufacturer Warranty for Phone and 6 Months Warranty for In the Box Accessories,4.3,"6,015 Ratings & 597 Reviews",8 GB,128 GB,17.07 cm (6.72 inch) Full HD+ Display108MP + 2MP ,108MP + 2MP | 16MP Front Camera,5000 mAh,Dimensity 6100+ Processor1 Year Manufacturer Warranty for Phone and 6 Months Warranty for In the Box Accessories,1 Year Manufacturer Warranty for Phone,6 Months Warranty for In the Box Accessories
93,"realme 11 5G (Glory Gold, 256 GB)",19999.0,13% off,8 GB RAM | 256 GB ROM | Expandable Upto 2 TB17.07 cm (6.72 inch) Full HD+ Display108MP + 2MP | 16MP Front Camera5000 mAh BatteryDimensity 6100+ Processor1 Year Manufacturer Warranty for Phone and 6 Months Warranty for In the Box Accessories,4.3,"6,015 Ratings & 597 Reviews",8 GB,256 GB,17.07 cm (6.72 inch) Full HD+ Display108MP + 2MP ,108MP + 2MP | 16MP Front Camera,5000 mAh,Dimensity 6100+ Processor1 Year Manufacturer Warranty for Phone and 6 Months Warranty for In the Box Accessories,1 Year Manufacturer Warranty for Phone,6 Months Warranty for In the Box Accessories
96,"realme 11x 5G (Purple Dawn, 128 GB)",15999.0,15% off,8 GB RAM | 128 GB ROM | Expandable Upto 2 TB17.07 cm (6.72 inch) Full HD+ Display64MP + 2MP | 8MP Front Camera5000 mAh BatteryDimensity 6100+ Processor1 Year Manufacturer Warranty for Phone and 6 Months Warranty for In the Box Accessories,4.3,"2,515 Ratings & 210 Reviews",8 GB,128 GB,17.07 cm (6.72 inch) Full HD+ Display64MP + 2MP ,64MP + 2MP | 8MP Front Camera,5000 mAh,Dimensity 6100+ Processor1 Year Manufacturer Warranty for Phone and 6 Months Warranty for In the Box Accessories,1 Year Manufacturer Warranty for Phone,6 Months Warranty for In the Box Accessories
97,"realme 11x 5G (Purple Dawn, 128 GB)",14999.0,0,6 GB RAM | 128 GB ROM | Expandable Upto 2 TB17.07 cm (6.72 inch) Full HD+ Display64MP + 2MP | 8MP Front Camera5000 mAh BatteryDimensity 6100+ Processor1 Year Manufacturer Warranty for Phone and 6 Months Warranty for In the Box Accessories,4.4,"13,807 Ratings & 988 Reviews",6 GB,128 GB,17.07 cm (6.72 inch) Full HD+ Display64MP + 2MP ,64MP + 2MP | 8MP Front Camera,5000 mAh,Dimensity 6100+ Processor1 Year Manufacturer Warranty for Phone and 6 Months Warranty for In the Box Accessories,1 Year Manufacturer Warranty for Phone,6 Months Warranty for In the Box Accessories
98,"realme 11x 5G (Midnight Black, 128 GB)",14999.0,11% off,6 GB RAM | 128 GB ROM | Expandable Upto 2 TB17.07 cm (6.72 inch) Full HD+ Display64MP + 2MP | 8MP Front Camera5000 mAh BatteryDimensity 6100+ Processor1 Year Manufacturer Warranty for Phone and 6 Months Warranty for In the Box Accessories,4.4,"13,807 Ratings & 988 Reviews",6 GB,128 GB,17.07 cm (6.72 inch) Full HD+ Display64MP + 2MP ,64MP + 2MP | 8MP Front Camera,5000 mAh,Dimensity 6100+ Processor1 Year Manufacturer Warranty for Phone and 6 Months Warranty for In the Box Accessories,1 Year Manufacturer Warranty for Phone,6 Months Warranty for In the Box Accessories
99,"realme 11x 5G (Midnight Black, 128 GB)",15999.0,15% off,8 GB RAM | 128 GB ROM | Expandable Upto 2 TB17.07 cm (6.72 inch) Full HD+ Display64MP + 2MP | 8MP Front Camera5000 mAh BatteryDimensity 6100+ Processor1 Year Manufacturer Warranty for Phone and 6 Months Warranty for In the Box Accessories,4.3,"2,515 Ratings & 210 Reviews",8 GB,128 GB,17.07 cm (6.72 inch) Full HD+ Display64MP + 2MP ,64MP + 2MP | 8MP Front Camera,5000 mAh,Dimensity 6100+ Processor1 Year Manufacturer Warranty for Phone and 6 Months Warranty for In the Box Accessories,1 Year Manufacturer Warranty for Phone,6 Months Warranty for In the Box Accessories
100,"realme 11 Pro+ 5G (Oasis Green, 256 GB)",27999.0,6% off,8 GB RAM | 256 GB ROM17.02 cm (6.7 inch) Full HD+ Display200MP (OIS) + 8MP + 2MP | 32MP Front Camera5000 mAh BatteryDimensity 7050 Processor1 Year Manufacturer Warranty for Device and 6 Months Manufacturer Warranty for In-Box Accessories,4.3,"25,055 Ratings & 2,677 Reviews",8 GB,256 GB,17.02 cm (6.7 inch) Full HD+ Display200MP (OIS) + 8MP + 2MP ,200MP (OIS) + 8MP + 2MP | 32MP Front Camera,5000 mAh,Dimensity 7050 Processor1 Year Manufacturer Warranty for Device and 6 Months Manufacturer Warranty for In-Box Accessories,No Warranty,No Warranty
101,"realme 11 Pro+ 5G (Sunrise Beige, 256 GB)",27999.0,6% off,8 GB RAM | 256 GB ROM17.02 cm (6.7 inch) Full HD+ Display200MP (OIS) + 8MP + 2MP | 32MP Front Camera5000 mAh BatteryDimensity 7050 Processor1 Year Manufacturer Warranty for Device and 6 Months Manufacturer Warranty for In-Box Accessories,4.3,"25,055 Ratings & 2,677 Reviews",8 GB,256 GB,17.02 cm (6.7 inch) Full HD+ Display200MP (OIS) + 8MP + 2MP ,200MP (OIS) + 8MP + 2MP | 32MP Front Camera,5000 mAh,Dimensity 7050 Processor1 Year Manufacturer Warranty for Device and 6 Months Manufacturer Warranty for In-Box Accessories,No Warranty,No Warranty
102,"realme 11 Pro+ 5G (Astral Black, 256 GB)",27999.0,6% off,8 GB RAM | 256 GB ROM17.02 cm (6.7 inch) Full HD+ Display200MP (OIS) + 8MP + 2MP | 32MP Front Camera5000 mAh BatteryDimensity 7050 Processor1 Year Manufacturer Warranty for Device and 6 Months Manufacturer Warranty for In-Box Accessories,4.3,"25,055 Ratings & 2,677 Reviews",8 GB,256 GB,17.02 cm (6.7 inch) Full HD+ Display200MP (OIS) + 8MP + 2MP ,200MP (OIS) + 8MP + 2MP | 32MP Front Camera,5000 mAh,Dimensity 7050 Processor1 Year Manufacturer Warranty for Device and 6 Months Manufacturer Warranty for In-Box Accessories,No Warranty,No Warranty
107,"realme 11 Pro 5G (Sunrise Beige, 256 GB)",27999.0,9% off,12 GB RAM | 256 GB ROM17.02 cm (6.7 inch) Full HD+ Display100MP (OIS) + 2MP | 16MP Front Camera5000 mAh BatteryDimensity 7050 Processor1 Year Manufacturer Warranty for Device and 6 Months Manufacturer Warranty for In-Box Accessories,4.3,939 Ratings & 82 Reviews,12 GB,256 GB,17.02 cm (6.7 inch) Full HD+ Display100MP (OIS) + 2MP ,100MP (OIS) + 2MP | 16MP Front Camera,5000 mAh,Dimensity 7050 Processor1 Year Manufacturer Warranty for Device and 6 Months Manufacturer Warranty for In-Box Accessories,No Warranty,No Warranty
108,"realme 10 Pro 5G (Dark Matter, 128 GB)",17999.0,21% off,8 GB RAM | 128 GB ROM | Expandable Upto 1 TB17.07 cm (6.72 inch) Full HD+ Display108MP + 2MP | 16MP Front Camera5000 mAh BatteryQualcomm Snapdragon 695 5G Processor1 Year Manufacturer Warranty for Phone and 6 Months Warranty for In-Box Accessories,4.3,"32,598 Ratings & 2,376 Reviews",8 GB,128 GB,17.07 cm (6.72 inch) Full HD+ Display108MP + 2MP ,108MP + 2MP | 16MP Front Camera,5000 mAh,Snapdragon 695 5G Processor1 Year Manufacturer Warranty for Phone and 6 Months Warranty for In-Box Accessories,1 Year Manufacturer Warranty for Phone,No Warranty
109,"realme 10 Pro 5G (Hyperspace, 128 GB)",17999.0,21% off,8 GB RAM | 128 GB ROM | Expandable Upto 1 TB17.07 cm (6.72 inch) Full HD+ Display108MP + 2MP | 16MP Front Camera5000 mAh BatteryQualcomm Snapdragon 695 5G Processor1 Year Manufacturer Warranty for Phone and 6 Months Warranty for In-Box Accessories,4.3,"32,598 Ratings & 2,376 Reviews",8 GB,128 GB,17.07 cm (6.72 inch) Full HD+ Display108MP + 2MP ,108MP + 2MP | 16MP Front Camera,5000 mAh,Snapdragon 695 5G Processor1 Year Manufacturer Warranty for Phone and 6 Months Warranty for In-Box Accessories,1 Year Manufacturer Warranty for Phone,No Warranty
110,"realme 11 Pro+ 5G (Oasis Green, 256 GB)",29999.0,9% off,12 GB RAM | 256 GB ROM17.02 cm (6.7 inch) Full HD+ Display200MP (OIS) + 8MP + 2MP | 32MP Front Camera5000 mAh BatteryDimensity 7050 Processor1 Year Manufacturer Warranty for Device and 6 Months Manufacturer Warranty for In-Box Accessories,4.3,"9,040 Ratings & 976 Reviews",12 GB,256 GB,17.02 cm (6.7 inch) Full HD+ Display200MP (OIS) + 8MP + 2MP ,200MP (OIS) + 8MP + 2MP | 32MP Front Camera,5000 mAh,Dimensity 7050 Processor1 Year Manufacturer Warranty for Device and 6 Months Manufacturer Warranty for In-Box Accessories,No Warranty,No Warranty
111,"realme 10 Pro 5G (Nebula Blue, 128 GB)",17999.0,21% off,8 GB RAM | 128 GB ROM | Expandable Upto 1 TB17.07 cm (6.72 inch) Full HD+ Display108MP + 2MP | 16MP Front Camera5000 mAh BatteryQualcomm Snapdragon 695 5G Processor1 Year Manufacturer Warranty for Phone and 6 Months Warranty for In-Box Accessories,4.3,"32,598 Ratings & 2,376 Reviews",8 GB,128 GB,17.07 cm (6.72 inch) Full HD+ Display108MP + 2MP ,108MP + 2MP | 16MP Front Camera,5000 mAh,Snapdragon 695 5G Processor1 Year Manufacturer Warranty for Phone and 6 Months Warranty for In-Box Accessories,1 Year Manufacturer Warranty for Phone,No Warranty
112,"realme 10 Pro 5G (Nebula Blue, 128 GB)",16999.0,19% off,6 GB RAM | 128 GB ROM | Expandable Upto 1 TB17.07 cm (6.72 inch) Full HD+ Display108MP + 2MP | 16MP Front Camera5000 mAh BatteryQualcomm Snapdragon 695 5G Processor1 Year Manufacturer Warranty for Phone and 6 Months Warranty for In-Box Accessories,4.3,"38,372 Ratings & 2,758 Reviews",6 GB,128 GB,17.07 cm (6.72 inch) Full HD+ Display108MP + 2MP ,108MP + 2MP | 16MP Front Camera,5000 mAh,Snapdragon 695 5G Processor1 Year Manufacturer Warranty for Phone and 6 Months Warranty for In-Box Accessories,1 Year Manufacturer Warranty for Phone,No Warranty
113,"realme 11 Pro 5G (Astral Black, 256 GB)",24999.0,10% off,8 GB RAM | 256 GB ROM17.02 cm (6.7 inch) Full HD+ Display100MP (OIS) + 2MP | 16MP Front Camera5000 mAh BatteryDimensity 7050 Processor1 Year Manufacturer Warranty for Device and 6 Months Manufacturer Warranty for In-Box Accessories,4.3,"33,781 Ratings & 3,041 Reviews",8 GB,256 GB,17.02 cm (6.7 inch) Full HD+ Display100MP (OIS) + 2MP ,100MP (OIS) + 2MP | 16MP Front Camera,5000 mAh,Dimensity 7050 Processor1 Year Manufacturer Warranty for Device and 6 Months Manufacturer Warranty for In-Box Accessories,No Warranty,No Warranty
114,"realme 10 Pro 5G (Dark Matter, 128 GB)",16999.0,19% off,6 GB RAM | 128 GB ROM | Expandable Upto 1 TB17.07 cm (6.72 inch) Full HD+ Display108MP + 2MP | 16MP Front Camera5000 mAh BatteryQualcomm Snapdragon 695 5G Processor1 Year Manufacturer Warranty for Phone and 6 Months Warranty for In-Box Accessories,4.3,"38,372 Ratings & 2,758 Reviews",6 GB,128 GB,17.07 cm (6.72 inch) Full HD+ Display108MP + 2MP ,108MP + 2MP | 16MP Front Camera,5000 mAh,Snapdragon 695 5G Processor1 Year Manufacturer Warranty for Phone and 6 Months Warranty for In-Box Accessories,1 Year Manufacturer Warranty for Phone,No Warranty
115,"realme 11 Pro 5G (Astral Black, 256 GB)",27999.0,9% off,12 GB RAM | 256 GB ROM17.02 cm (6.7 inch) Full HD+ Display100MP (OIS) + 2MP | 16MP Front Camera5000 mAh BatteryDimensity 7050 Processor1 Year Manufacturer Warranty for Device and 6 Months Manufacturer Warranty for In-Box Accessories,4.3,939 Ratings & 82 Reviews,12 GB,256 GB,17.02 cm (6.7 inch) Full HD+ Display100MP (OIS) + 2MP ,100MP (OIS) + 2MP | 16MP Front Camera,5000 mAh,Dimensity 7050 Processor1 Year Manufacturer Warranty for Device and 6 Months Manufacturer Warranty for In-Box Accessories,No Warranty,No Warranty
116,"realme 11 Pro 5G (Sunrise Beige, 256 GB)",24999.0,10% off,8 GB RAM | 256 GB ROM17.02 cm (6.7 inch) Full HD+ Display100MP (OIS) + 2MP | 16MP Front Camera5000 mAh BatteryDimensity 7050 Processor1 Year Manufacturer Warranty for Device and 6 Months Manufacturer Warranty for In-Box Accessories,4.3,"33,781 Ratings & 3,041 Reviews",8 GB,256 GB,17.02 cm (6.7 inch) Full HD+ Display100MP (OIS) + 2MP ,100MP (OIS) + 2MP | 16MP Front Camera,5000 mAh,Dimensity 7050 Processor1 Year Manufacturer Warranty for Device and 6 Months Manufacturer Warranty for In-Box Accessories,No Warranty,No Warranty
119,"realme 11 Pro+ 5G (Sunrise Beige, 256 GB)",29999.0,9% off,12 GB RAM | 256 GB ROM17.02 cm (6.7 inch) Full HD+ Display200MP (OIS) + 8MP + 2MP | 32MP Front Camera5000 mAh BatteryDimensity 7050 Processor1 Year Manufacturer Warranty for Device and 6 Months Manufacturer Warranty for In-Box Accessories,4.3,"9,040 Ratings & 976 Reviews",12 GB,256 GB,17.02 cm (6.7 inch) Full HD+ Display200MP (OIS) + 8MP + 2MP ,200MP (OIS) + 8MP + 2MP | 32MP Front Camera,5000 mAh,Dimensity 7050 Processor1 Year Manufacturer Warranty for Device and 6 Months Manufacturer Warranty for In-Box Accessories,No Warranty,No Warranty
120,"realme 11x 5G (Purple Dawn, 128 GB)",15999.0,15% off,8 GB RAM | 128 GB ROM | Expandable Upto 2 TB17.07 cm (6.72 inch) Full HD+ Display64MP + 2MP | 8MP Front Camera5000 mAh BatteryDimensity 6100+ Processor1 Year Manufacturer Warranty for Phone and 6 Months Warranty for In the Box Accessories,4.3,"2,515 Ratings & 210 Reviews",8 GB,128 GB,17.07 cm (6.72 inch) Full HD+ Display64MP + 2MP ,64MP + 2MP | 8MP Front Camera,5000 mAh,Dimensity 6100+ Processor1 Year Manufacturer Warranty for Phone and 6 Months Warranty for In the Box Accessories,1 Year Manufacturer Warranty for Phone,6 Months Warranty for In the Box Accessories
121,"realme 11x 5G (Purple Dawn, 128 GB)",14999.0,0,6 GB RAM | 128 GB ROM | Expandable Upto 2 TB17.07 cm (6.72 inch) Full HD+ Display64MP + 2MP | 8MP Front Camera5000 mAh BatteryDimensity 6100+ Processor1 Year Manufacturer Warranty for Phone and 6 Months Warranty for In the Box Accessories,4.4,"13,807 Ratings & 988 Reviews",6 GB,128 GB,17.07 cm (6.72 inch) Full HD+ Display64MP + 2MP ,64MP + 2MP | 8MP Front Camera,5000 mAh,Dimensity 6100+ Processor1 Year Manufacturer Warranty for Phone and 6 Months Warranty for In the Box Accessories,1 Year Manufacturer Warranty for Phone,6 Months Warranty for In the Box Accessories
122,"realme 11x 5G (Midnight Black, 128 GB)",14999.0,11% off,6 GB RAM | 128 GB ROM | Expandable Upto 2 TB17.07 cm (6.72 inch) Full HD+ Display64MP + 2MP | 8MP Front Camera5000 mAh BatteryDimensity 6100+ Processor1 Year Manufacturer Warranty for Phone and 6 Months Warranty for In the Box Accessories,4.4,"13,807 Ratings & 988 Reviews",6 GB,128 GB,17.07 cm (6.72 inch) Full HD+ Display64MP + 2MP ,64MP + 2MP | 8MP Front Camera,5000 mAh,Dimensity 6100+ Processor1 Year Manufacturer Warranty for Phone and 6 Months Warranty for In the Box Accessories,1 Year Manufacturer Warranty for Phone,6 Months Warranty for In the Box Accessories
123,"realme 11x 5G (Midnight Black, 128 GB)",15999.0,15% off,8 GB RAM | 128 GB ROM | Expandable Upto 2 TB17.07 cm (6.72 inch) Full HD+ Display64MP + 2MP | 8MP Front Camera5000 mAh BatteryDimensity 6100+ Processor1 Year Manufacturer Warranty for Phone and 6 Months Warranty for In the Box Accessories,4.3,"2,515 Ratings & 210 Reviews",8 GB,128 GB,17.07 cm (6.72 inch) Full HD+ Display64MP + 2MP ,64MP + 2MP | 8MP Front Camera,5000 mAh,Dimensity 6100+ Processor1 Year Manufacturer Warranty for Phone and 6 Months Warranty for In the Box Accessories,1 Year Manufacturer Warranty for Phone,6 Months Warranty for In the Box Accessories
126,"realme 11 Pro+ 5G (Oasis Green, 256 GB)",29999.0,9% off,12 GB RAM | 256 GB ROM17.02 cm (6.7 inch) Full HD+ Display200MP (OIS) + 8MP + 2MP | 32MP Front Camera5000 mAh BatteryDimensity 7050 Processor1 Year Manufacturer Warranty for Device and 6 Months Manufacturer Warranty for In-Box Accessories,4.3,"9,040 Ratings & 976 Reviews",12 GB,256 GB,17.02 cm (6.7 inch) Full HD+ Display200MP (OIS) + 8MP + 2MP ,200MP (OIS) + 8MP + 2MP | 32MP Front Camera,5000 mAh,Dimensity 7050 Processor1 Year Manufacturer Warranty for Device and 6 Months Manufacturer Warranty for In-Box Accessories,No Warranty,No Warranty
127,"realme 11 Pro 5G (Astral Black, 256 GB)",24999.0,10% off,8 GB RAM | 256 GB ROM17.02 cm (6.7 inch) Full HD+ Display100MP (OIS) + 2MP | 16MP Front Camera5000 mAh BatteryDimensity 7050 Processor1 Year Manufacturer Warranty for Device and 6 Months Manufacturer Warranty for In-Box Accessories,4.3,"33,781 Ratings & 3,041 Reviews",8 GB,256 GB,17.02 cm (6.7 inch) Full HD+ Display100MP (OIS) + 2MP ,100MP (OIS) + 2MP | 16MP Front Camera,5000 mAh,Dimensity 7050 Processor1 Year Manufacturer Warranty for Device and 6 Months Manufacturer Warranty for In-Box Accessories,No Warranty,No Warranty
128,"realme 11 Pro 5G (Astral Black, 256 GB)",27999.0,9% off,12 GB RAM | 256 GB ROM17.02 cm (6.7 inch) Full HD+ Display100MP (OIS) + 2MP | 16MP Front Camera5000 mAh BatteryDimensity 7050 Processor1 Year Manufacturer Warranty for Device and 6 Months Manufacturer Warranty for In-Box Accessories,4.3,939 Ratings & 82 Reviews,12 GB,256 GB,17.02 cm (6.7 inch) Full HD+ Display100MP (OIS) + 2MP ,100MP (OIS) + 2MP | 16MP Front Camera,5000 mAh,Dimensity 7050 Processor1 Year Manufacturer Warranty for Device and 6 Months Manufacturer Warranty for In-Box Accessories,No Warranty,No Warranty
129,"realme 11 Pro 5G (Sunrise Beige, 256 GB)",24999.0,10% off,8 GB RAM | 256 GB ROM17.02 cm (6.7 inch) Full HD+ Display100MP (OIS) + 2MP | 16MP Front Camera5000 mAh BatteryDimensity 7050 Processor1 Year Manufacturer Warranty for Device and 6 Months Manufacturer Warranty for In-Box Accessories,4.3,"33,781 Ratings & 3,041 Reviews",8 GB,256 GB,17.02 cm (6.7 inch) Full HD+ Display100MP (OIS) + 2MP ,100MP (OIS) + 2MP | 16MP Front Camera,5000 mAh,Dimensity 7050 Processor1 Year Manufacturer Warranty for Device and 6 Months Manufacturer Warranty for In-Box Accessories,No Warranty,No Warranty
132,"realme 11 Pro+ 5G (Sunrise Beige, 256 GB)",29999.0,9% off,12 GB RAM | 256 GB ROM17.02 cm (6.7 inch) Full HD+ Display200MP (OIS) + 8MP + 2MP | 32MP Front Camera5000 mAh BatteryDimensity 7050 Processor1 Year Manufacturer Warranty for Device and 6 Months Manufacturer Warranty for In-Box Accessories,4.3,"9,040 Ratings & 976 Reviews",12 GB,256 GB,17.02 cm (6.7 inch) Full HD+ Display200MP (OIS) + 8MP + 2MP ,200MP (OIS) + 8MP + 2MP | 32MP Front Camera,5000 mAh,Dimensity 7050 Processor1 Year Manufacturer Warranty for Device and 6 Months Manufacturer Warranty for In-Box Accessories,No Warranty,No Warranty
133,"realme 11 Pro+ 5G (Oasis Green, 256 GB)",27999.0,6% off,8 GB RAM | 256 GB ROM17.02 cm (6.7 inch) Full HD+ Display200MP (OIS) + 8MP + 2MP | 32MP Front Camera5000 mAh BatteryDimensity 7050 Processor1 Year Manufacturer Warranty for Device and 6 Months Manufacturer Warranty for In-Box Accessories,4.3,"25,055 Ratings & 2,677 Reviews",8 GB,256 GB,17.02 cm (6.7 inch) Full HD+ Display200MP (OIS) + 8MP + 2MP ,200MP (OIS) + 8MP + 2MP | 32MP Front Camera,5000 mAh,Dimensity 7050 Processor1 Year Manufacturer Warranty for Device and 6 Months Manufacturer Warranty for In-Box Accessories,No Warranty,No Warranty
134,"realme 11 Pro 5G (Oasis Green, 256 GB)",24999.0,10% off,8 GB RAM | 256 GB ROM17.02 cm (6.7 inch) Full HD+ Display100MP (OIS) + 2MP | 16MP Front Camera5000 mAh BatteryDimensity 7050 Processor1 Year Manufacturer Warranty for Device and 6 Months Manufacturer Warranty for In-Box Accessories,4.3,"33,781 Ratings & 3,041 Reviews",8 GB,256 GB,17.02 cm (6.7 inch) Full HD+ Display100MP (OIS) + 2MP ,100MP (OIS) + 2MP | 16MP Front Camera,5000 mAh,Dimensity 7050 Processor1 Year Manufacturer Warranty for Device and 6 Months Manufacturer Warranty for In-Box Accessories,No Warranty,No Warranty
135,"realme 11 Pro+ 5G (Astral Black, 256 GB)",29999.0,9% off,12 GB RAM | 256 GB ROM17.02 cm (6.7 inch) Full HD+ Display200MP (OIS) + 8MP + 2MP | 32MP Front Camera5000 mAh BatteryDimensity 7050 Processor1 Year Manufacturer Warranty for Device and 6 Months Manufacturer Warranty for In-Box Accessories,4.3,"9,040 Ratings & 976 Reviews",12 GB,256 GB,17.02 cm (6.7 inch) Full HD+ Display200MP (OIS) + 8MP + 2MP ,200MP (OIS) + 8MP + 2MP | 32MP Front Camera,5000 mAh,Dimensity 7050 Processor1 Year Manufacturer Warranty for Device and 6 Months Manufacturer Warranty for In-Box Accessories,No Warranty,No Warranty
136,"realme 11 Pro 5G (Astral Black, 128 GB)",23999.0,7% off,8 GB RAM | 128 GB ROM17.02 cm (6.7 inch) Full HD+ Display100MP (OIS) + 2MP | 16MP Front Camera5000 mAh BatteryDimensity 7050 Processor1 Year Manufacturer Warranty for Device and 6 Months Manufacturer Warranty for In-Box Accessories,4.3,"33,781 Ratings & 3,041 Reviews",8 GB,128 GB,17.02 cm (6.7 inch) Full HD+ Display100MP (OIS) + 2MP ,100MP (OIS) + 2MP | 16MP Front Camera,5000 mAh,Dimensity 7050 Processor1 Year Manufacturer Warranty for Device and 6 Months Manufacturer Warranty for In-Box Accessories,No Warranty,No Warranty
137,"realme 11 Pro+ 5G (Sunrise Beige, 256 GB)",27999.0,6% off,8 GB RAM | 256 GB ROM17.02 cm (6.7 inch) Full HD+ Display200MP (OIS) + 8MP + 2MP | 32MP Front Camera5000 mAh BatteryDimensity 7050 Processor1 Year Manufacturer Warranty for Device and 6 Months Manufacturer Warranty for In-Box Accessories,4.3,"25,055 Ratings & 2,677 Reviews",8 GB,256 GB,17.02 cm (6.7 inch) Full HD+ Display200MP (OIS) + 8MP + 2MP ,200MP (OIS) + 8MP + 2MP | 32MP Front Camera,5000 mAh,Dimensity 7050 Processor1 Year Manufacturer Warranty for Device and 6 Months Manufacturer Warranty for In-Box Accessories,No Warranty,No Warranty
138,"realme 11 Pro+ 5G (Astral Black, 256 GB)",27999.0,6% off,8 GB RAM | 256 GB ROM17.02 cm (6.7 inch) Full HD+ Display200MP (OIS) + 8MP + 2MP | 32MP Front Camera5000 mAh BatteryDimensity 7050 Processor1 Year Manufacturer Warranty for Device and 6 Months Manufacturer Warranty for In-Box Accessories,4.3,"25,055 Ratings & 2,677 Reviews",8 GB,256 GB,17.02 cm (6.7 inch) Full HD+ Display200MP (OIS) + 8MP + 2MP ,200MP (OIS) + 8MP + 2MP | 32MP Front Camera,5000 mAh,Dimensity 7050 Processor1 Year Manufacturer Warranty for Device and 6 Months Manufacturer Warranty for In-Box Accessories,No Warranty,No Warranty
139,"realme 11 5G (Glory Black, 256 GB)",19999.0,13% off,8 GB RAM | 256 GB ROM | Expandable Upto 2 TB17.07 cm (6.72 inch) Full HD+ Display108MP + 2MP | 16MP Front Camera5000 mAh BatteryDimensity 6100+ Processor1 Year Manufacturer Warranty for Phone and 6 Months Warranty for In the Box Accessories,4.3,"6,015 Ratings & 597 Reviews",8 GB,256 GB,17.07 cm (6.72 inch) Full HD+ Display108MP + 2MP ,108MP + 2MP | 16MP Front Camera,5000 mAh,Dimensity 6100+ Processor1 Year Manufacturer Warranty for Phone and 6 Months Warranty for In the Box Accessories,1 Year Manufacturer Warranty for Phone,6 Months Warranty for In the Box Accessories
140,"realme 11 5G (Glory Gold, 128 GB)",18999.0,9% off,8 GB RAM | 128 GB ROM | Expandable Upto 2 TB17.07 cm (6.72 inch) Full HD+ Display108MP + 2MP | 16MP Front Camera5000 mAh BatteryDimensity 6100+ Processor1 Year Manufacturer Warranty for Phone and 6 Months Warranty for In the Box Accessories,4.3,"6,015 Ratings & 597 Reviews",8 GB,128 GB,17.07 cm (6.72 inch) Full HD+ Display108MP + 2MP ,108MP + 2MP | 16MP Front Camera,5000 mAh,Dimensity 6100+ Processor1 Year Manufacturer Warranty for Phone and 6 Months Warranty for In the Box Accessories,1 Year Manufacturer Warranty for Phone,6 Months Warranty for In the Box Accessories
141,"realme 11 5G (Glory Gold, 256 GB)",19999.0,13% off,8 GB RAM | 256 GB ROM | Expandable Upto 2 TB17.07 cm (6.72 inch) Full HD+ Display108MP + 2MP | 16MP Front Camera5000 mAh BatteryDimensity 6100+ Processor1 Year Manufacturer Warranty for Phone and 6 Months Warranty for In the Box Accessories,4.3,"6,015 Ratings & 597 Reviews",8 GB,256 GB,17.07 cm (6.72 inch) Full HD+ Display108MP + 2MP ,108MP + 2MP | 16MP Front Camera,5000 mAh,Dimensity 6100+ Processor1 Year Manufacturer Warranty for Phone and 6 Months Warranty for In the Box Accessories,1 Year Manufacturer Warranty for Phone,6 Months Warranty for In the Box Accessories
144,"realme 11x 5G (Purple Dawn, 128 GB)",15999.0,15% off,8 GB RAM | 128 GB ROM | Expandable Upto 2 TB17.07 cm (6.72 inch) Full HD+ Display64MP + 2MP | 8MP Front Camera5000 mAh BatteryDimensity 6100+ Processor1 Year Manufacturer Warranty for Phone and 6 Months Warranty for In the Box Accessories,4.3,"2,515 Ratings & 210 Reviews",8 GB,128 GB,17.07 cm (6.72 inch) Full HD+ Display64MP + 2MP ,64MP + 2MP | 8MP Front Camera,5000 mAh,Dimensity 6100+ Processor1 Year Manufacturer Warranty for Phone and 6 Months Warranty for In the Box Accessories,1 Year Manufacturer Warranty for Phone,6 Months Warranty for In the Box Accessories
145,"realme 11x 5G (Purple Dawn, 128 GB)",14999.0,0,6 GB RAM | 128 GB ROM | Expandable Upto 2 TB17.07 cm (6.72 inch) Full HD+ Display64MP + 2MP | 8MP Front Camera5000 mAh BatteryDimensity 6100+ Processor1 Year Manufacturer Warranty for Phone and 6 Months Warranty for In the Box Accessories,4.4,"13,807 Ratings & 988 Reviews",6 GB,128 GB,17.07 cm (6.72 inch) Full HD+ Display64MP + 2MP ,64MP + 2MP | 8MP Front Camera,5000 mAh,Dimensity 6100+ Processor1 Year Manufacturer Warranty for Phone and 6 Months Warranty for In the Box Accessories,1 Year Manufacturer Warranty for Phone,6 Months Warranty for In the Box Accessories
146,"realme 11x 5G (Midnight Black, 128 GB)",14999.0,11% off,6 GB RAM | 128 GB ROM | Expandable Upto 2 TB17.07 cm (6.72 inch) Full HD+ Display64MP + 2MP | 8MP Front Camera5000 mAh BatteryDimensity 6100+ Processor1 Year Manufacturer Warranty for Phone and 6 Months Warranty for In the Box Accessories,4.4,"13,807 Ratings & 988 Reviews",6 GB,128 GB,17.07 cm (6.72 inch) Full HD+ Display64MP + 2MP ,64MP + 2MP | 8MP Front Camera,5000 mAh,Dimensity 6100+ Processor1 Year Manufacturer Warranty for Phone and 6 Months Warranty for In the Box Accessories,1 Year Manufacturer Warranty for Phone,6 Months Warranty for In the Box Accessories
147,"realme 11x 5G (Midnight Black, 128 GB)",15999.0,15% off,8 GB RAM | 128 GB ROM | Expandable Upto 2 TB17.07 cm (6.72 inch) Full HD+ Display64MP + 2MP | 8MP Front Camera5000 mAh BatteryDimensity 6100+ Processor1 Year Manufacturer Warranty for Phone and 6 Months Warranty for In the Box Accessories,4.3,"2,515 Ratings & 210 Reviews",8 GB,128 GB,17.07 cm (6.72 inch) Full HD+ Display64MP + 2MP ,64MP + 2MP | 8MP Front Camera,5000 mAh,Dimensity 6100+ Processor1 Year Manufacturer Warranty for Phone and 6 Months Warranty for In the Box Accessories,1 Year Manufacturer Warranty for Phone,6 Months Warranty for In the Box Accessories
150,"realme 11 Pro+ 5G (Oasis Green, 256 GB)",29999.0,9% off,12 GB RAM | 256 GB ROM17.02 cm (6.7 inch) Full HD+ Display200MP (OIS) + 8MP + 2MP | 32MP Front Camera5000 mAh BatteryDimensity 7050 Processor1 Year Manufacturer Warranty for Device and 6 Months Manufacturer Warranty for In-Box Accessories,4.3,"9,040 Ratings & 976 Reviews",12 GB,256 GB,17.02 cm (6.7 inch) Full HD+ Display200MP (OIS) + 8MP + 2MP ,200MP (OIS) + 8MP + 2MP | 32MP Front Camera,5000 mAh,Dimensity 7050 Processor1 Year Manufacturer Warranty for Device and 6 Months Manufacturer Warranty for In-Box Accessories,No Warranty,No Warranty
151,"realme 11 Pro 5G (Astral Black, 256 GB)",24999.0,10% off,8 GB RAM | 256 GB ROM17.02 cm (6.7 inch) Full HD+ Display100MP (OIS) + 2MP | 16MP Front Camera5000 mAh BatteryDimensity 7050 Processor1 Year Manufacturer Warranty for Device and 6 Months Manufacturer Warranty for In-Box Accessories,4.3,"33,781 Ratings & 3,041 Reviews",8 GB,256 GB,17.02 cm (6.7 inch) Full HD+ Display100MP (OIS) + 2MP ,100MP (OIS) + 2MP | 16MP Front Camera,5000 mAh,Dimensity 7050 Processor1 Year Manufacturer Warranty for Device and 6 Months Manufacturer Warranty for In-Box Accessories,No Warranty,No Warranty
152,"realme 11 Pro 5G (Astral Black, 256 GB)",27999.0,9% off,12 GB RAM | 256 GB ROM17.02 cm (6.7 inch) Full HD+ Display100MP (OIS) + 2MP | 16MP Front Camera5000 mAh BatteryDimensity 7050 Processor1 Year Manufacturer Warranty for Device and 6 Months Manufacturer Warranty for In-Box Accessories,4.3,939 Ratings & 82 Reviews,12 GB,256 GB,17.02 cm (6.7 inch) Full HD+ Display100MP (OIS) + 2MP ,100MP (OIS) + 2MP | 16MP Front Camera,5000 mAh,Dimensity 7050 Processor1 Year Manufacturer Warranty for Device and 6 Months Manufacturer Warranty for In-Box Accessories,No Warranty,No Warranty
153,"realme 11 Pro 5G (Sunrise Beige, 256 GB)",24999.0,10% off,8 GB RAM | 256 GB ROM17.02 cm (6.7 inch) Full HD+ Display100MP (OIS) + 2MP | 16MP Front Camera5000 mAh BatteryDimensity 7050 Processor1 Year Manufacturer Warranty for Device and 6 Months Manufacturer Warranty for In-Box Accessories,4.3,"33,781 Ratings & 3,041 Reviews",8 GB,256 GB,17.02 cm (6.7 inch) Full HD+ Display100MP (OIS) + 2MP ,100MP (OIS) + 2MP | 16MP Front Camera,5000 mAh,Dimensity 7050 Processor1 Year Manufacturer Warranty for Device and 6 Months Manufacturer Warranty for In-Box Accessories,No Warranty,No Warranty
156,"realme 11 Pro+ 5G (Sunrise Beige, 256 GB)",29999.0,9% off,12 GB RAM | 256 GB ROM17.02 cm (6.7 inch) Full HD+ Display200MP (OIS) + 8MP + 2MP | 32MP Front Camera5000 mAh BatteryDimensity 7050 Processor1 Year Manufacturer Warranty for Device and 6 Months Manufacturer Warranty for In-Box Accessories,4.3,"9,040 Ratings & 976 Reviews",12 GB,256 GB,17.02 cm (6.7 inch) Full HD+ Display200MP (OIS) + 8MP + 2MP ,200MP (OIS) + 8MP + 2MP | 32MP Front Camera,5000 mAh,Dimensity 7050 Processor1 Year Manufacturer Warranty for Device and 6 Months Manufacturer Warranty for In-Box Accessories,No Warranty,No Warranty
157,"realme 11 Pro+ 5G (Oasis Green, 256 GB)",27999.0,6% off,8 GB RAM | 256 GB ROM17.02 cm (6.7 inch) Full HD+ Display200MP (OIS) + 8MP + 2MP | 32MP Front Camera5000 mAh BatteryDimensity 7050 Processor1 Year Manufacturer Warranty for Device and 6 Months Manufacturer Warranty for In-Box Accessories,4.3,"25,055 Ratings & 2,677 Reviews",8 GB,256 GB,17.02 cm (6.7 inch) Full HD+ Display200MP (OIS) + 8MP + 2MP ,200MP (OIS) + 8MP + 2MP | 32MP Front Camera,5000 mAh,Dimensity 7050 Processor1 Year Manufacturer Warranty for Device and 6 Months Manufacturer Warranty for In-Box Accessories,No Warranty,No Warranty
158,"realme 11 Pro 5G (Oasis Green, 256 GB)",24999.0,10% off,8 GB RAM | 256 GB ROM17.02 cm (6.7 inch) Full HD+ Display100MP (OIS) + 2MP | 16MP Front Camera5000 mAh BatteryDimensity 7050 Processor1 Year Manufacturer Warranty for Device and 6 Months Manufacturer Warranty for In-Box Accessories,4.3,"33,781 Ratings & 3,041 Reviews",8 GB,256 GB,17.02 cm (6.7 inch) Full HD+ Display100MP (OIS) + 2MP ,100MP (OIS) + 2MP | 16MP Front Camera,5000 mAh,Dimensity 7050 Processor1 Year Manufacturer Warranty for Device and 6 Months Manufacturer Warranty for In-Box Accessories,No Warranty,No Warranty
159,"realme 11 Pro+ 5G (Astral Black, 256 GB)",29999.0,9% off,12 GB RAM | 256 GB ROM17.02 cm (6.7 inch) Full HD+ Display200MP (OIS) + 8MP + 2MP | 32MP Front Camera5000 mAh BatteryDimensity 7050 Processor1 Year Manufacturer Warranty for Device and 6 Months Manufacturer Warranty for In-Box Accessories,4.3,"9,040 Ratings & 976 Reviews",12 GB,256 GB,17.02 cm (6.7 inch) Full HD+ Display200MP (OIS) + 8MP + 2MP ,200MP (OIS) + 8MP + 2MP | 32MP Front Camera,5000 mAh,Dimensity 7050 Processor1 Year Manufacturer Warranty for Device and 6 Months Manufacturer Warranty for In-Box Accessories,No Warranty,No Warranty
160,"realme 11 Pro 5G (Astral Black, 128 GB)",23999.0,7% off,8 GB RAM | 128 GB ROM17.02 cm (6.7 inch) Full HD+ Display100MP (OIS) + 2MP | 16MP Front Camera5000 mAh BatteryDimensity 7050 Processor1 Year Manufacturer Warranty for Device and 6 Months Manufacturer Warranty for In-Box Accessories,4.3,"33,781 Ratings & 3,041 Reviews",8 GB,128 GB,17.02 cm (6.7 inch) Full HD+ Display100MP (OIS) + 2MP ,100MP (OIS) + 2MP | 16MP Front Camera,5000 mAh,Dimensity 7050 Processor1 Year Manufacturer Warranty for Device and 6 Months Manufacturer Warranty for In-Box Accessories,No Warranty,No Warranty
161,"realme 11 Pro+ 5G (Sunrise Beige, 256 GB)",27999.0,6% off,8 GB RAM | 256 GB ROM17.02 cm (6.7 inch) Full HD+ Display200MP (OIS) + 8MP + 2MP | 32MP Front Camera5000 mAh BatteryDimensity 7050 Processor1 Year Manufacturer Warranty for Device and 6 Months Manufacturer Warranty for In-Box Accessories,4.3,"25,055 Ratings & 2,677 Reviews",8 GB,256 GB,17.02 cm (6.7 inch) Full HD+ Display200MP (OIS) + 8MP + 2MP ,200MP (OIS) + 8MP + 2MP | 32MP Front Camera,5000 mAh,Dimensity 7050 Processor1 Year Manufacturer Warranty for Device and 6 Months Manufacturer Warranty for In-Box Accessories,No Warranty,No Warranty
162,"realme 11 Pro+ 5G (Astral Black, 256 GB)",27999.0,6% off,8 GB RAM | 256 GB ROM17.02 cm (6.7 inch) Full HD+ Display200MP (OIS) + 8MP + 2MP | 32MP Front Camera5000 mAh BatteryDimensity 7050 Processor1 Year Manufacturer Warranty for Device and 6 Months Manufacturer Warranty for In-Box Accessories,4.3,"25,055 Ratings & 2,677 Reviews",8 GB,256 GB,17.02 cm (6.7 inch) Full HD+ Display200MP (OIS) + 8MP + 2MP ,200MP (OIS) + 8MP + 2MP | 32MP Front Camera,5000 mAh,Dimensity 7050 Processor1 Year Manufacturer Warranty for Device and 6 Months Manufacturer Warranty for In-Box Accessories,No Warranty,No Warranty
163,"realme 11 5G (Glory Black, 256 GB)",19999.0,13% off,8 GB RAM | 256 GB ROM | Expandable Upto 2 TB17.07 cm (6.72 inch) Full HD+ Display108MP + 2MP | 16MP Front Camera5000 mAh BatteryDimensity 6100+ Processor1 Year Manufacturer Warranty for Phone and 6 Months Warranty for In the Box Accessories,4.3,"6,015 Ratings & 597 Reviews",8 GB,256 GB,17.07 cm (6.72 inch) Full HD+ Display108MP + 2MP ,108MP + 2MP | 16MP Front Camera,5000 mAh,Dimensity 6100+ Processor1 Year Manufacturer Warranty for Phone and 6 Months Warranty for In the Box Accessories,1 Year Manufacturer Warranty for Phone,6 Months Warranty for In the Box Accessories
164,"realme 11 5G (Glory Gold, 128 GB)",18999.0,9% off,8 GB RAM | 128 GB ROM | Expandable Upto 2 TB17.07 cm (6.72 inch) Full HD+ Display108MP + 2MP | 16MP Front Camera5000 mAh BatteryDimensity 6100+ Processor1 Year Manufacturer Warranty for Phone and 6 Months Warranty for In the Box Accessories,4.3,"6,015 Ratings & 597 Reviews",8 GB,128 GB,17.07 cm (6.72 inch) Full HD+ Display108MP + 2MP ,108MP + 2MP | 16MP Front Camera,5000 mAh,Dimensity 6100+ Processor1 Year Manufacturer Warranty for Phone and 6 Months Warranty for In the Box Accessories,1 Year Manufacturer Warranty for Phone,6 Months Warranty for In the Box Accessories
165,"realme 11 5G (Glory Gold, 256 GB)",19999.0,13% off,8 GB RAM | 256 GB ROM | Expandable Upto 2 TB17.07 cm (6.72 inch) Full HD+ Display108MP + 2MP | 16MP Front Camera5000 mAh BatteryDimensity 6100+ Processor1 Year Manufacturer Warranty for Phone and 6 Months Warranty for In the Box Accessories,4.3,"6,015 Ratings & 597 Reviews",8 GB,256 GB,17.07 cm (6.72 inch) Full HD+ Display108MP + 2MP ,108MP + 2MP | 16MP Front Camera,5000 mAh,Dimensity 6100+ Processor1 Year Manufacturer Warranty for Phone and 6 Months Warranty for In the Box Accessories,1 Year Manufacturer Warranty for Phone,6 Months Warranty for In the Box Accessories
168,"realme 11x 5G (Purple Dawn, 128 GB)",15999.0,15% off,8 GB RAM | 128 GB ROM | Expandable Upto 2 TB17.07 cm (6.72 inch) Full HD+ Display64MP + 2MP | 8MP Front Camera5000 mAh BatteryDimensity 6100+ Processor1 Year Manufacturer Warranty for Phone and 6 Months Warranty for In the Box Accessories,4.3,"2,515 Ratings & 210 Reviews",8 GB,128 GB,17.07 cm (6.72 inch) Full HD+ Display64MP + 2MP ,64MP + 2MP | 8MP Front Camera,5000 mAh,Dimensity 6100+ Processor1 Year Manufacturer Warranty for Phone and 6 Months Warranty for In the Box Accessories,1 Year Manufacturer Warranty for Phone,6 Months Warranty for In the Box Accessories
169,"realme 11x 5G (Purple Dawn, 128 GB)",14999.0,0,6 GB RAM | 128 GB ROM | Expandable Upto 2 TB17.07 cm (6.72 inch) Full HD+ Display64MP + 2MP | 8MP Front Camera5000 mAh BatteryDimensity 6100+ Processor1 Year Manufacturer Warranty for Phone and 6 Months Warranty for In the Box Accessories,4.4,"13,807 Ratings & 988 Reviews",6 GB,128 GB,17.07 cm (6.72 inch) Full HD+ Display64MP + 2MP ,64MP + 2MP | 8MP Front Camera,5000 mAh,Dimensity 6100+ Processor1 Year Manufacturer Warranty for Phone and 6 Months Warranty for In the Box Accessories,1 Year Manufacturer Warranty for Phone,6 Months Warranty for In the Box Accessories
170,"realme 11x 5G (Midnight Black, 128 GB)",14999.0,11% off,6 GB RAM | 128 GB ROM | Expandable Upto 2 TB17.07 cm (6.72 inch) Full HD+ Display64MP + 2MP | 8MP Front Camera5000 mAh BatteryDimensity 6100+ Processor1 Year Manufacturer Warranty for Phone and 6 Months Warranty for In the Box Accessories,4.4,"13,807 Ratings & 988 Reviews",6 GB,128 GB,17.07 cm (6.72 inch) Full HD+ Display64MP + 2MP ,64MP + 2MP | 8MP Front Camera,5000 mAh,Dimensity 6100+ Processor1 Year Manufacturer Warranty for Phone and 6 Months Warranty for In the Box Accessories,1 Year Manufacturer Warranty for Phone,6 Months Warranty for In the Box Accessories
171,"realme 11x 5G (Midnight Black, 128 GB)",15999.0,15% off,8 GB RAM | 128 GB ROM | Expandable Upto 2 TB17.07 cm (6.72 inch) Full HD+ Display64MP + 2MP | 8MP Front Camera5000 mAh BatteryDimensity 6100+ Processor1 Year Manufacturer Warranty for Phone and 6 Months Warranty for In the Box Accessories,4.3,"2,515 Ratings & 210 Reviews",8 GB,128 GB,17.07 cm (6.72 inch) Full HD+ Display64MP + 2MP ,64MP + 2MP | 8MP Front Camera,5000 mAh,Dimensity 6100+ Processor1 Year Manufacturer Warranty for Phone and 6 Months Warranty for In the Box Accessories,1 Year Manufacturer Warranty for Phone,6 Months Warranty for In the Box Accessories
174,"realme 11 Pro+ 5G (Oasis Green, 256 GB)",29999.0,9% off,12 GB RAM | 256 GB ROM17.02 cm (6.7 inch) Full HD+ Display200MP (OIS) + 8MP + 2MP | 32MP Front Camera5000 mAh BatteryDimensity 7050 Processor1 Year Manufacturer Warranty for Device and 6 Months Manufacturer Warranty for In-Box Accessories,4.3,"9,040 Ratings & 976 Reviews",12 GB,256 GB,17.02 cm (6.7 inch) Full HD+ Display200MP (OIS) + 8MP + 2MP ,200MP (OIS) + 8MP + 2MP | 32MP Front Camera,5000 mAh,Dimensity 7050 Processor1 Year Manufacturer Warranty for Device and 6 Months Manufacturer Warranty for In-Box Accessories,No Warranty,No Warranty
175,"realme 11 Pro 5G (Astral Black, 256 GB)",24999.0,10% off,8 GB RAM | 256 GB ROM17.02 cm (6.7 inch) Full HD+ Display100MP (OIS) + 2MP | 16MP Front Camera5000 mAh BatteryDimensity 7050 Processor1 Year Manufacturer Warranty for Device and 6 Months Manufacturer Warranty for In-Box Accessories,4.3,"33,781 Ratings & 3,041 Reviews",8 GB,256 GB,17.02 cm (6.7 inch) Full HD+ Display100MP (OIS) + 2MP ,100MP (OIS) + 2MP | 16MP Front Camera,5000 mAh,Dimensity 7050 Processor1 Year Manufacturer Warranty for Device and 6 Months Manufacturer Warranty for In-Box Accessories,No Warranty,No Warranty
176,"realme 11 Pro 5G (Astral Black, 256 GB)",27999.0,9% off,12 GB RAM | 256 GB ROM17.02 cm (6.7 inch) Full HD+ Display100MP (OIS) + 2MP | 16MP Front Camera5000 mAh BatteryDimensity 7050 Processor1 Year Manufacturer Warranty for Device and 6 Months Manufacturer Warranty for In-Box Accessories,4.3,939 Ratings & 82 Reviews,12 GB,256 GB,17.02 cm (6.7 inch) Full HD+ Display100MP (OIS) + 2MP ,100MP (OIS) + 2MP | 16MP Front Camera,5000 mAh,Dimensity 7050 Processor1 Year Manufacturer Warranty for Device and 6 Months Manufacturer Warranty for In-Box Accessories,No Warranty,No Warranty
177,"realme 11 Pro 5G (Sunrise Beige, 256 GB)",24999.0,10% off,8 GB RAM | 256 GB ROM17.02 cm (6.7 inch) Full HD+ Display100MP (OIS) + 2MP | 16MP Front Camera5000 mAh BatteryDimensity 7050 Processor1 Year Manufacturer Warranty for Device and 6 Months Manufacturer Warranty for In-Box Accessories,4.3,"33,781 Ratings & 3,041 Reviews",8 GB,256 GB,17.02 cm (6.7 inch) Full HD+ Display100MP (OIS) + 2MP ,100MP (OIS) + 2MP | 16MP Front Camera,5000 mAh,Dimensity 7050 Processor1 Year Manufacturer Warranty for Device and 6 Months Manufacturer Warranty for In-Box Accessories,No Warranty,No Warranty
180,"realme 11 Pro+ 5G (Sunrise Beige, 256 GB)",29999.0,9% off,12 GB RAM | 256 GB ROM17.02 cm (6.7 inch) Full HD+ Display200MP (OIS) + 8MP + 2MP | 32MP Front Camera5000 mAh BatteryDimensity 7050 Processor1 Year Manufacturer Warranty for Device and 6 Months Manufacturer Warranty for In-Box Accessories,4.3,"9,040 Ratings & 976 Reviews",12 GB,256 GB,17.02 cm (6.7 inch) Full HD+ Display200MP (OIS) + 8MP + 2MP ,200MP (OIS) + 8MP + 2MP | 32MP Front Camera,5000 mAh,Dimensity 7050 Processor1 Year Manufacturer Warranty for Device and 6 Months Manufacturer Warranty for In-Box Accessories,No Warranty,No Warranty
181,"realme 11 Pro+ 5G (Oasis Green, 256 GB)",27999.0,6% off,8 GB RAM | 256 GB ROM17.02 cm (6.7 inch) Full HD+ Display200MP (OIS) + 8MP + 2MP | 32MP Front Camera5000 mAh BatteryDimensity 7050 Processor1 Year Manufacturer Warranty for Device and 6 Months Manufacturer Warranty for In-Box Accessories,4.3,"25,055 Ratings & 2,677 Reviews",8 GB,256 GB,17.02 cm (6.7 inch) Full HD+ Display200MP (OIS) + 8MP + 2MP ,200MP (OIS) + 8MP + 2MP | 32MP Front Camera,5000 mAh,Dimensity 7050 Processor1 Year Manufacturer Warranty for Device and 6 Months Manufacturer Warranty for In-Box Accessories,No Warranty,No Warranty
182,"realme 11 Pro 5G (Oasis Green, 256 GB)",24999.0,10% off,8 GB RAM | 256 GB ROM17.02 cm (6.7 inch) Full HD+ Display100MP (OIS) + 2MP | 16MP Front Camera5000 mAh BatteryDimensity 7050 Processor1 Year Manufacturer Warranty for Device and 6 Months Manufacturer Warranty for In-Box Accessories,4.3,"33,781 Ratings & 3,041 Reviews",8 GB,256 GB,17.02 cm (6.7 inch) Full HD+ Display100MP (OIS) + 2MP ,100MP (OIS) + 2MP | 16MP Front Camera,5000 mAh,Dimensity 7050 Processor1 Year Manufacturer Warranty for Device and 6 Months Manufacturer Warranty for In-Box Accessories,No Warranty,No Warranty
183,"realme 11 Pro+ 5G (Astral Black, 256 GB)",29999.0,9% off,12 GB RAM | 256 GB ROM17.02 cm (6.7 inch) Full HD+ Display200MP (OIS) + 8MP + 2MP | 32MP Front Camera5000 mAh BatteryDimensity 7050 Processor1 Year Manufacturer Warranty for Device and 6 Months Manufacturer Warranty for In-Box Accessories,4.3,"9,040 Ratings & 976 Reviews",12 GB,256 GB,17.02 cm (6.7 inch) Full HD+ Display200MP (OIS) + 8MP + 2MP ,200MP (OIS) + 8MP + 2MP | 32MP Front Camera,5000 mAh,Dimensity 7050 Processor1 Year Manufacturer Warranty for Device and 6 Months Manufacturer Warranty for In-Box Accessories,No Warranty,No Warranty
184,"realme 11 Pro 5G (Astral Black, 128 GB)",23999.0,7% off,8 GB RAM | 128 GB ROM17.02 cm (6.7 inch) Full HD+ Display100MP (OIS) + 2MP | 16MP Front Camera5000 mAh BatteryDimensity 7050 Processor1 Year Manufacturer Warranty for Device and 6 Months Manufacturer Warranty for In-Box Accessories,4.3,"33,781 Ratings & 3,041 Reviews",8 GB,128 GB,17.02 cm (6.7 inch) Full HD+ Display100MP (OIS) + 2MP ,100MP (OIS) + 2MP | 16MP Front Camera,5000 mAh,Dimensity 7050 Processor1 Year Manufacturer Warranty for Device and 6 Months Manufacturer Warranty for In-Box Accessories,No Warranty,No Warranty
185,"realme 11 Pro+ 5G (Sunrise Beige, 256 GB)",27999.0,6% off,8 GB RAM | 256 GB ROM17.02 cm (6.7 inch) Full HD+ Display200MP (OIS) + 8MP + 2MP | 32MP Front Camera5000 mAh BatteryDimensity 7050 Processor1 Year Manufacturer Warranty for Device and 6 Months Manufacturer Warranty for In-Box Accessories,4.3,"25,055 Ratings & 2,677 Reviews",8 GB,256 GB,17.02 cm (6.7 inch) Full HD+ Display200MP (OIS) + 8MP + 2MP ,200MP (OIS) + 8MP + 2MP | 32MP Front Camera,5000 mAh,Dimensity 7050 Processor1 Year Manufacturer Warranty for Device and 6 Months Manufacturer Warranty for In-Box Accessories,No Warranty,No Warranty
186,"realme 11 Pro+ 5G (Astral Black, 256 GB)",27999.0,6% off,8 GB RAM | 256 GB ROM17.02 cm (6.7 inch) Full HD+ Display200MP (OIS) + 8MP + 2MP | 32MP Front Camera5000 mAh BatteryDimensity 7050 Processor1 Year Manufacturer Warranty for Device and 6 Months Manufacturer Warranty for In-Box Accessories,4.3,"25,055 Ratings & 2,677 Reviews",8 GB,256 GB,17.02 cm (6.7 inch) Full HD+ Display200MP (OIS) + 8MP + 2MP ,200MP (OIS) + 8MP + 2MP | 32MP Front Camera,5000 mAh,Dimensity 7050 Processor1 Year Manufacturer Warranty for Device and 6 Months Manufacturer Warranty for In-Box Accessories,No Warranty,No Warranty
187,"realme 11 5G (Glory Black, 256 GB)",19999.0,13% off,8 GB RAM | 256 GB ROM | Expandable Upto 2 TB17.07 cm (6.72 inch) Full HD+ Display108MP + 2MP | 16MP Front Camera5000 mAh BatteryDimensity 6100+ Processor1 Year Manufacturer Warranty for Phone and 6 Months Warranty for In the Box Accessories,4.3,"6,015 Ratings & 597 Reviews",8 GB,256 GB,17.07 cm (6.72 inch) Full HD+ Display108MP + 2MP ,108MP + 2MP | 16MP Front Camera,5000 mAh,Dimensity 6100+ Processor1 Year Manufacturer Warranty for Phone and 6 Months Warranty for In the Box Accessories,1 Year Manufacturer Warranty for Phone,6 Months Warranty for In the Box Accessories
188,"realme 11 5G (Glory Gold, 128 GB)",18999.0,9% off,8 GB RAM | 128 GB ROM | Expandable Upto 2 TB17.07 cm (6.72 inch) Full HD+ Display108MP + 2MP | 16MP Front Camera5000 mAh BatteryDimensity 6100+ Processor1 Year Manufacturer Warranty for Phone and 6 Months Warranty for In the Box Accessories,4.3,"6,015 Ratings & 597 Reviews",8 GB,128 GB,17.07 cm (6.72 inch) Full HD+ Display108MP + 2MP ,108MP + 2MP | 16MP Front Camera,5000 mAh,Dimensity 6100+ Processor1 Year Manufacturer Warranty for Phone and 6 Months Warranty for In the Box Accessories,1 Year Manufacturer Warranty for Phone,6 Months Warranty for In the Box Accessories
189,"realme 11 5G (Glory Gold, 256 GB)",19999.0,13% off,8 GB RAM | 256 GB ROM | Expandable Upto 2 TB17.07 cm (6.72 inch) Full HD+ Display108MP + 2MP | 16MP Front Camera5000 mAh BatteryDimensity 6100+ Processor1 Year Manufacturer Warranty for Phone and 6 Months Warranty for In the Box Accessories,4.3,"6,015 Ratings & 597 Reviews",8 GB,256 GB,17.07 cm (6.72 inch) Full HD+ Display108MP + 2MP ,108MP + 2MP | 16MP Front Camera,5000 mAh,Dimensity 6100+ Processor1 Year Manufacturer Warranty for Phone and 6 Months Warranty for In the Box Accessories,1 Year Manufacturer Warranty for Phone,6 Months Warranty for In the Box Accessories
